Rank,Urban Area,Population Estimate (2025),1 Year Change (over 2024),Land Area (Km²),Density (P/Km²),Global Rank,Projections (2030),Projections (2050)
1,New Delhi,"$30,222,405",1%,2101,14385,4,31341648,33890685
2,Kolkata,"$22,549,738",0.45%,2329,9682,9,23033107,23767882
3,Mumbai,"$20,203,056",0.87%,740,27301,12,21114847,23059150
4,Bengaluru,"$13,187,098",0%,642,20541,24,13556889,14258150
5,Chennai,"$11,153,205",0.42%,1059,10532,29,11350843,11756606
6,Hajipur,"$9,941,510",1.78%,3092,3215,34,11060041,13694623
7,Hyderabad,"$9,190,795",0.39%,889,10338,37,9317456,9546498
8,Ahmedabad,"$7,632,408",0.44%,365,20911,44,7806201,8235676
9,Surat,"$6,908,925",1%,287,24073,53,7218848,8048617
10,Pune,"$6,817,951",0.77%,585,11655,55,7087562,7741530
11,Kozhikode,"$6,123,872",0.84%,1078,5681,66,6430980,7104281
12,Kochi,"$5,077,670",0.89%,1261,4027,80,5452371,5843908
13,Lucknow,"$5,052,444",0.97%,506,9985,82,5227702,5689737
14,Kanpur,"$4,329,973",0.44%,306,14150,97,4424695,4637879
15,Jaipur,"$4,071,754",0.62%,449,9068,110,4194043,4490178
16,Varanasi,"$3,858,863",0.82%,356,10840,119,4096442,4764588
17,Indore,"$3,476,423",0.68%,276,12596,136,3597750,3952816
18,Patna,"$3,309,383",0.98%,257,12877,141,3439222,3875583
19,Nagpur,"$3,257,841",0.19%,279,11677,147,3312792,3353550
20,Kalyan-Dombivli,"$3,163,424",1%,173,18286,156,3306398,3659170
21,Kollam,"$3,074,562",0.76%,695,4424,162,3281408,3612611
22,Thiruvananthapuram,"$2,946,119",0.70%,374,7877,166,3030596,3215448
23,Asansol,"$2,924,741",0.51%,243,12036,167,3022941,3168038
24,Tamluk,"$2,894,484",1.42%,1057,2738,173,2989809,3222647
25,Agra,"$2,786,762",1%,209,13334,180,2871268,3073941
26,Bhopal,"$2,487,205",1.12%,236,10539,199,2589500,2858310
27,Dighwara,"$2,469,443",3.03%,965,2559,202,2700127,3631651
28,Chandigarh,"$2,437,733",0.86%,364,6697,203,2507415,2640593
29,Ponnani,"$2,409,567",0.91%,721,3342,205,2500241,2865843
30,Coimbatore,"$2,382,988",0.50%,407,5855,206,2499066,2679132
31,Prayagraj,"$2,347,869",0.62%,159,14766,210,2419042,2647258
32,Vadodara,"$2,270,298",0.76%,213,10659,219,2383962,2623510
33,Ludhiana,"$2,245,106",0.34%,226,9934,224,2277107,2332030
34,Meerut,2209886,1.04%,227,9735,227,2316006,2627864
35,Madurai,2138746,0.95%,213,10041,236,2194966,2313310
36,Dhanbad,2020181,0.93%,262,7711,245,2078134,2188208
37,Mehsi,2018610,2.92%,808,2498,246,2316130,3063220
38,Nashik,1996763,0.87%,202,9885,247,2073545,2265769
39,Jamshedpur,1956840,0.46%,158,12385,253,2004152,2066797
40,Bibhutpur,1904411,2.23%,608,3132,264,2132498,2776110
41,Ranchi,1819944,1.19%,206,8835,274,1907909,2161121
42,Aligarh,1729663,0.71%,111,15583,283,1783629,1923350
43,Dhulian,1699325,0.69%,301,5646,287,1749604,1911978
44,Visakhapatnam,1641957,0.21%,208,7894,295,1658408,1678722
45,Bareilly,1635214,0.77%,166,9851,298,1710944,1858642
46,Maharajganj,1601258,2.73%,644,2486,307,1782152,2350572
47,Jabalpur,1582131,0.38%,145,10911,313,1620846,1693775
48,Rajkot,1581235,0.42%,128,12353,314,1613778,1675334
49,Chhatrapati Sambhajinagar,1567020,0.46%,124,12637,317,1598916,1656722
50,Gwalior,1554246,0.73%,121,12845,321,1613839,1761726
51,Vasai-Virar,1542177,1.18%,136,11340,323,1624686,1866951
52,Gorakhpur,1519206,0.95%,143,10624,330,1582312,1728295
53,Jodhpur,1515910,0.81%,234,6478,332,1572346,1771020
54,Moradabad,1484611,0.73%,108,13746,342,1540845,1714985
55,Raipur,1478688,0.52%,174,8498,345,1535984,1646535
56,Durg,1393235,0.80%,187,7450,365,1436938,1550026
57,Thrissur,1371675,0.68%,231,5938,369,1427990,1604841
58,Vijayawada,1351098,-0.05%,121,11166,374,1347540,1300789
59,Tiruchirappalli,1349040,0.41%,149,9054,376,1378159,1427111
60,Mysuru,1342126,0.75%,145,9256,379,1405189,1528566
61,Salem,1337000,0.48%,155,8626,380,1376685,1470807
62,Guwahati,1314019,0.47%,191,6880,392,1345830,1417949
63,Amritsar,1303330,0.48%,131,9949,395,1327576,1380274
64,Saharanpur,1275279,1.01%,98,13013,401,1329535,1553938
65,Tiruppur,1242837,0.76%,200,6214,408,1278744,1335295
66,Gyanpur,1237249,2.23%,508,2436,412,1375249,1846032
67,Kota,1232364,0.73%,132,9336,415,1279903,1442795
68,Dehradun,1219198,0.92%,170,7172,421,1275131,1453566
69,Begusarai,1210200,1.51%,211,5736,426,1290975,1521110
70,Jalandhar,1192763,0.32%,144,8283,433,1210519,1264740
71,Jammu,1154466,0.45%,140,8246,443,1181415,1227268
72,Bhubaneshwar,1146434,0.27%,153,7493,450,1161468,1180858
73,Srinagar,1126638,1.06%,78,14444,458,1206508,1400655
74,Berhampore,1109144,0.86%,134,8277,465,1150043,1208395
75,Solapur,1102702,0.19%,78,14137,468,1112973,1126043
76,Kottayam,1043314,1.04%,240,4347,490,1085590,1230690
77,Barharia,1038927,1.39%,354,2935,492,1135363,1384888
78,Thalassery,1038647,0.83%,209,4970,493,1085972,1306435
79,Malda,1001322,1.70%,277,3615,511,1071286,1312957
80,Puducherry,998290,0.33%,89,11217,513,1018526,1091313
81,Mangaluru,993566,0.81%,231,4301,516,1032202,1122409
82,Gaya,991081,1.75%,145,6835,519,1046303,1227130
83,Dharwad,965667,0.33%,56,17244,539,981494,1001811
84,Faizabad,952074,0.85%,79,12052,546,1005114,1176493
85,Darbhanga,950875,2.75%,127,7487,547,1043372,1222843
86,Krishnanagar,948788,0.57%,64,14825,551,998456,1060796
87,Erode,892758,0.60%,161,5545,579,921951,984009
88,Sitamarhi,889696,4.06%,196,4539,582,993046,1219664
89,Bikaner,882222,0.62%,96,9190,586,906487,971616
90,Firozabad,878282,0.61%,52,16890,594,950087,1058263
91,Bokaro,862593,0.59%,99,8713,605,885475,927782
92,Guntur,862068,0.26%,82,10513,606,866443,854282
93,Muzaffarnagar,849004,0.91%,71,11958,616,913812,1074588
94,Bakhtiyarpur,843195,1.83%,149,5659,623,898020,1086779
95,Kotwali,839900,2.08%,132,6363,624,996804,1240375
96,Colachel,837735,1.48%,270,3103,627,921978,1000380
97,Warangal,837561,0.63%,105,7977,628,852096,878477
98,Imphal,824757,0.82%,201,4103,636,840815,865260
99,Vellore,820103,0.98%,97,8455,640,859584,935591
100,Kolhapur,819671,0.32%,86,9531,641,832741,858562
101,Munger,814325,1.55%,105,7755,646,867650,1028172
102,Udaipur,807617,0.78%,118,6844,656,838479,917797
103,Belagavi,800130,0.33%,86,9304,660,817328,834119
104,Bilaspur,799772,0.80%,83,9636,661,828225,917791
105,Jalgaon,781486,1.14%,59,13246,680,816739,903711
106,Rourkela,776631,1.67%,96,8090,683,824880,958550
107,Kharagpur,776133,0.70%,52,14926,685,809639,848040
108,Amravati,771610,1.63%,76,10153,689,791449,826466
109,Cape Town,770260,0.15%,59,13055,692,787469,793934
110,Nanded,770215,0.44%,74,10408,693,787086,827354
111,Sangli,761451,0.32%,89,8556,699,774964,788609
112,Agartala,758699,0.63%,110,6897,703,779316,884598
113,Kalaburagi,753963,0.42%,69,10927,712,768358,809986
114,Bhavnagar,739115,0.48%,65,11371,724,756728,816847
115,Nellore,732235,0.48%,89,8227,731,756554,803095
116,Patiala,718308,0.58%,94,7642,746,733989,760993
117,Haridwar,717990,1.39%,101,7109,748,758279,901239
118,Mirzapur,710567,1.16%,102,6966,756,778462,914323
119,Panipat,710363,1.02%,96,7400,757,741150,832212
120,Rasoi,703790,1.34%,98,7182,760,742187,860079
121,Shahjahanpur,694580,1.12%,88,7893,774,726627,818791
122,Panvel,692036,0.96%,87,7954,778,732425,834354
123,Akola,683391,0.58%,68,10050,788,701860,741423
124,Vapi,682459,1.06%,106,6438,789,729944,860515
125,Jamnagar,680589,0.53%,73,9323,795,696796,736647
126,Yamunanagar,677536,0.92%,71,9543,801,712833,807022
127,Anand,664789,0.83%,72,9233,816,705434,786108
128,Kannur,662128,0.89%,127,5214,821,690186,742413
129,Jhansi,662059,0.59%,70,9458,822,748866,802760
130,Siliguri,658183,0.82%,130,5063,827,685270,753072
131,Dhule,643777,1%,58,11100,838,679631,774383
132,Jalpaiguri,642158,1%,46,13960,840,680302,791216
133,Ajmer,631176,0.82%,91,6936,858,663451,733045
134,Malegaon,618133,0.83%,47,13152,872,650483,722400
135,Farrukhabad,615831,1.31%,63,9775,874,656091,756748
136,Ambala,615565,0.64%,96,6412,876,634169,669042
137,Rajmahal,612055,0.82%,97,6310,885,631144,669228
138,Bihar Sharif,607401,1.49%,43,14126,895,639570,737953
139,Jangalpara,600501,0.61%,208,2887,906,624612,709891
140,Darjeeling,590052,0.50%,132,4470,923,625714,655640
141,Brahmapur,590028,0.20%,56,10536,924,595917,602915
142,Sagar,587471,0.56%,56,10491,928,610682,666693
143,Ballari,587340,0.30%,53,11082,929,597775,608041
144,Deoria,586987,1.25%,64,9172,930,623717,749232
145,Ujjain,583405,0.73%,52,11219,938,606237,695636
146,Rajamahendravaram,582520,-0.04%,71,8205,943,581413,562560
147,Jaunpur,580893,1.58%,50,11618,946,612976,749752
148,Ballia,576284,2.57%,97,5941,953,618883,705657
149,Alwar,571972,0.92%,63,9079,958,600060,671520
150,Mathura,566188,0.97%,104,5444,968,595903,682563
151,Sultanpur,562032,2.38%,86,6535,975,609511,839499
152,Chhapra,559249,1.16%,44,12710,980,593823,682478
153,Davanagere,559117,0.74%,47,11896,981,576899,617668
154,Kalyanpur,557803,6.11%,243,2295,984,642282,828893
155,Rampur,553229,0.70%,38,14559,991,573814,626786
156,Azamgarh,551621,1.97%,94,5868,996,579074,701158
157,Bahraich,550317,1.29%,44,12507,999,588007,684566
158,Arrah,547584,2.86%,62,8832,1005,586538,690683
159,Silchar,544936,0.53%,62,8789,1008,563687,609400
160,Hisar,543775,2.63%,74,7348,1011,564731,634311
161,Bulandshahr,543659,1.21%,34,15990,1013,583264,674360
162,Tirupati,539275,0.81%,76,7096,1024,554119,586265
163,Bettiah,535979,1.64%,101,5307,1032,628350,743558
164,Shillong,534861,0.61%,46,11627,1037,557993,605358
165,Ahmednagar,534622,0.81%,85,6290,1038,556240,622785
166,Rohtak,526540,0.84%,62,8493,1053,547098,617625
167,Latur,519913,0.65%,49,10610,1064,533082,584392
168,Bhore,518289,1.42%,195,2658,1067,573646,745032
169,Satna,517402,0.82%,50,10348,1070,540866,587680
170,Mau,512415,1.13%,61,8400,1084,533768,666404
171,Roorkee,511291,1.40%,56,9130,1086,547285,637336
172,Lakhimpur,501540,0.90%,49,10236,1103,525397,610262
173,Fatehpur,494897,0.51%,32,15466,1120,508908,555135
174,Karnal,494241,1.64%,65,7604,1123,525089,592289
175,Hapur,493837,1.12%,49,10078,1126,519950,601826
176,Hardoi,493665,1.02%,34,14520,1128,528196,588464
177,Kakinada,488958,-0.10%,62,7886,1135,487967,494183
178,Bazarati,487581,0.74%,162,3010,1138,512561,560414
179,Dimapur,487500,0.46%,88,5540,1139,501052,520447
180,Cooch Behar,484313,1.19%,65,7451,1144,512931,585795
181,Siuri,480595,0.52%,29,16572,1154,491939,527741
182,Gonda,477697,1.30%,56,8530,1162,503801,616364
183,Etawah,475213,0.87%,38,12506,1166,501219,553740
184,Ghazipur,473824,1.19%,70,6769,1171,562617,771203
185,Raebareli,472091,0.90%,41,11514,1175,491732,574952
186,Sitapur,469750,1.42%,51,9211,1183,500562,601154
187,Kurnool,468997,0.67%,47,9979,1186,484044,556310
188,Ichalkaranji,465814,0.34%,51,9134,1192,480642,491537
189,Balia,465399,1.67%,146,3188,1195,522748,771564
190,Haldwani,463530,0.83%,62,7476,1201,485867,538028
191,Purnia,461043,0.96%,62,7436,1208,482382,541284
192,Nagercoil,460826,0.81%,51,9036,1209,477009,511032
193,Saharsa,456879,1.18%,67,6819,1218,484447,587466
194,Raiganj,456239,1.32%,71,6426,1221,483775,618020
195,Basti,450449,1.46%,48,9384,1236,473799,579052
196,Vijayapura,450192,0.25%,57,7898,1237,457384,465668
197,Canning,447522,0.60%,142,3152,1242,494170,527760
198,Parbhani,446508,0.38%,32,13953,1246,454930,472992
199,Thanjavur,443736,0.60%,56,7924,1255,452259,482140
200,Nizamabad,442690,0.61%,50,8854,1258,451980,470053
201,Anantapur,442201,0.53%,46,9613,1261,455381,486090
202,Dindigul,438809,0.62%,51,8604,1270,452234,500438
203,Cuddalore,436495,0.32%,76,5743,1279,446056,462743
204,Sambhal,435760,0.64%,26,16760,1285,451233,491007
205,Bhilwara,434406,0.86%,51,8518,1288,457184,500337
206,Jhusi,431880,1.58%,79,5467,1294,515067,659045
207,Padrauna,431649,2.06%,130,3320,1296,486282,633757
208,Katihar,430470,0.85%,41,10499,1300,462923,526555
209,Khansahib,428041,2.03%,133,3218,1307,465092,603418
210,Shivamogga,423880,0.78%,49,8651,1319,437681,479431
211,Deoghar,423674,2.82%,59,7181,1320,448423,518895
212,Bathinda,421753,0.90%,66,6390,1331,441453,502144
213,Navsari,421121,0.93%,35,12032,1336,442561,501842
214,Giridih,420525,1.60%,72,5841,1337,433089,454517
215,Hosur,420017,2.08%,80,5250,1340,441335,492130
216,Basirhat,419703,1.16%,120,3498,1341,432912,488689
217,Chandrapur,416903,0.34%,53,7866,1347,423956,443310
218,Hathras,413122,1.36%,35,11803,1362,432850,488444
219,Bharuch,411095,1.05%,43,9560,1371,429889,488927
220,Waidhan,408489,1.43%,87,4695,1385,430750,492727
221,Jalna,406973,0.49%,38,10710,1388,418528,451506
222,Bhind,406712,0.80%,29,14025,1390,424604,466886
223,Kumbakonam,405885,0.48%,47,8636,1393,415629,428682
224,Tumakuru,403109,0.70%,49,8227,1403,419555,476448
225,Bharatpur,402987,0.79%,36,11194,1404,418942,476078
226,Palakkad,401965,0.61%,58,6930,1406,415701,450215
227,Bhiwadi,401290,1.50%,73,5497,1411,431498,508830
228,Modinagar,400401,1.01%,44,9100,1414,422328,490433
229,Pratapgarh,398315,0.96%,47,8475,1421,420213,483906
230,Khandwa,394910,1.30%,33,11967,1435,417063,474761
231,Kanchipuram,394850,0.55%,40,9871,1437,405945,437373
232,Sonipat,394583,0.93%,51,7737,1438,414505,480890
233,Mahesana,394304,0.91%,41,9617,1441,410284,456873
234,Morena,393553,0.86%,27,14576,1445,409007,462211
235,Kadapa,393513,0.48%,40,9838,1446,402924,427184
236,Motihari,392303,1.55%,44,8916,1450,414378,495851
237,Nadiad,391934,0.82%,34,11527,1452,421661,478516
238,Tamkuhi Raj,389533,4.64%,145,2686,1463,425520,629897
239,Eluru,383068,-0.03%,41,9343,1483,382541,371155
240,Rewa,383019,0.88%,55,6964,1485,401320,445557
241,Badaun,382686,1.19%,25,15307,1486,398155,438088
242,Kralpora,377602,1.93%,124,3045,1503,455976,802621
243,Tirunelveli,376005,1.22%,74,5081,1509,400853,436971
244,Viluppuram,375616,0.40%,41,9161,1514,383053,401370
245,Debandi,374423,0.52%,81,4623,1523,391374,415595
246,Junagadh,373265,0.66%,44,8483,1528,384061,406571
247,Khagaria,372707,3.41%,54,6902,1530,395332,542913
248,Dewas,370472,0.94%,42,8821,1541,387880,452177
249,Dehri,368750,1.26%,43,8576,1548,403717,536562
250,Thoothukudi,368221,0.62%,49,7515,1550,379740,400842
251,Godhra,367633,0.87%,30,12254,1554,388917,438003
252,Ratlam,366958,1.24%,36,10193,1561,385049,425539
253,Silvassa,366589,1.81%,53,6917,1563,454808,562258
254,Yavatmal,363908,0.84%,40,9098,1570,373449,391043
255,Pilibhit,358059,0.90%,25,14322,1589,374045,422601
256,Aizawl,356620,0.72%,29,12297,1595,367465,389674
257,Korba,355784,0.76%,49,7261,1600,372980,414465
258,Satara,355609,0.24%,39,9118,1603,359953,365284
259,Dhubri,355592,1.78%,81,4390,1604,389132,498061
260,Kurukshetra,353119,1.18%,46,7677,1619,373744,428710
261,Khurja,352785,1.33%,38,9284,1623,373089,464262
262,Madhubani,352336,1.77%,42,8389,1625,375084,505702
263,Karimnagar,351832,0.29%,46,7649,1628,358572,372897
264,Purulia,350713,0.45%,27,12989,1633,358533,371530
265,Dahod,350660,1.78%,39,8991,1634,380929,443837
266,Simri,348804,1.94%,101,3454,1639,424922,580724
267,Mainpuri,347106,0.98%,31,11197,1648,364406,432060
268,Khammam,346533,-0.04%,43,8059,1649,345845,334571
269,Burhanpur,346277,0.99%,31,11170,1650,363295,427142
270,Etah,344002,1.02%,29,11862,1664,370924,431381
271,Tiruvannamalai,342795,0.42%,37,9265,1669,352659,366532
272,Birpur,339926,3.07%,86,3953,1682,374502,507073
273,Bhagalpur,339560,0.96%,49,6930,1684,358605,406191
274,Thakurdwara,336772,0.91%,41,8214,1696,354645,400721
275,Pupri,336223,3.87%,101,3329,1701,360228,490320
276,Tanur,335953,1.02%,113,2973,1703,359113,425045
277,Sri Ganganagar,335747,1.03%,49,6852,1705,348736,399039
278,Nagaon,333706,0.97%,39,8557,1717,344502,369124
279,Sikar,333509,1.05%,44,7580,1719,345806,408577
280,Rudrapur,332826,1.09%,48,6934,1724,349213,462672
281,Sasaram,332715,1.48%,39,8531,1726,351526,435305
282,Chandausi,331969,1.04%,29,11447,1730,347819,428130
283,Greater Noida,329385,1.19%,103,3198,1743,349355,399792
284,Tezpur,328217,0.64%,52,6312,1751,362507,398164
285,Puri,328196,0.24%,26,12623,1752,332086,335934
286,Bhadohi,326738,1.77%,49,6668,1758,362830,425054
287,Rishikesh,325933,1.17%,45,7243,1762,345829,398659
288,Khanakul,325882,0.83%,128,2546,1763,338702,418911
289,Katni,321522,1.19%,49,6562,1788,336524,377843
290,Ranipet,320233,1.03%,71,4510,1795,348246,392223
291,Balurghat,319934,0.96%,23,13910,1798,335780,376072
292,Raichur,319647,0.29%,34,9401,1800,325733,330789
293,Bhusawal,317085,1.09%,37,8570,1811,334141,401059
294,Hazaribagh,316861,2.25%,51,6213,1812,333323,436381
295,Surendranagar,316206,0.71%,33,9582,1813,325985,343066
296,Udupi,315743,0.85%,86,3671,1817,331620,363319
297,Pathankot,315476,0.57%,43,7337,1819,324401,363144
298,Kodarma,313949,1.14%,35,8970,1828,332425,397265
299,Gandhidham,313691,0.72%,66,4753,1830,326036,367998
300,Bidar,312534,0.68%,38,8225,1837,326089,347218
301,Vizianagaram,312315,0.22%,34,9186,1839,315814,321123
302,Simri Bakhtiarpur,311434,0.43%,90,3460,1841,354381,442490
303,Beed,310278,0.38%,25,12411,1856,319189,334581
304,Madhepura,309065,3.20%,79,3912,1863,357279,486713
305,Damoh,307218,0.69%,28,10972,1873,316377,342146
306,Bankura,306650,0.86%,32,9583,1878,314124,327127
307,Benipur,304786,1.46%,70,4354,1883,334601,400463
308,Barmer,304268,1.43%,34,8949,1887,318711,367452
309,Sivakasi,302256,0.62%,50,6045,1896,314664,332949
310,Orai,301946,0.62%,30,10065,1899,309762,329340
311,Jigani,301763,1.45%,63,4790,1901,315895,356344
312,Amroha,301108,0.93%,22,13687,1904,315550,362823
313,Siwan,300919,1.06%,32,9404,1905,322850,384884
314,Sirsa,300414,0.93%,37,8119,1910,314401,348432
315,Anantnag,299385,3.17%,89,3364,1918,332672,464307
316,Karur,297598,0.55%,52,5723,1939,305765,328907
317,Attingal,297140,0.81%,76,3910,1947,333654,367746
318,Valsad,296851,1.79%,37,8023,1950,310362,363093
319,Ankleshwar,296840,1.25%,51,5820,1951,314728,414520
320,Najibabad,296669,2.29%,35,8476,1952,312714,403411
321,Wardha,295117,0.42%,35,8432,1967,302745,316594
322,Chhindwara,293950,0.48%,32,9186,1978,299307,308880
323,Bhadrak,291997,0.67%,27,10815,1988,300163,313708
324,Nawada,290657,1.11%,30,9689,1999,316219,381054
325,Habra,290311,0.59%,41,7081,2002,298787,317394
326,Maheshkhunt,289419,1.30%,46,6292,2008,309639,390391
327,Banda,289334,0.51%,23,12580,2009,310839,341113
328,Mayiladuthurai,288923,0.59%,49,5896,2013,295785,307244
329,Bhiwani,288360,0.89%,32,9011,2021,301022,330512
330,Jianpur,286148,8.17%,107,2674,2033,322142,379330
331,Gondia,285870,0.57%,32,8933,2036,295595,315141
332,Zakiganj,284125,0.97%,25,11365,2046,294015,333637
333,Boisar,283063,1.20%,27,10484,2054,299897,351128
334,Batala,281142,0.57%,32,8786,2068,287647,307968
335,Shankarpur,280248,3.14%,119,2355,2071,341890,521454
336,Tundla,280215,1.25%,33,8491,2072,318940,395454
337,Ekma,279229,1.98%,112,2493,2080,322359,414721
338,Medininagar,278795,1%,35,7966,2082,295511,371153
339,Dhaulpur,277498,1.33%,28,9911,2092,291943,327478
340,Morbi,275191,1.91%,58,4745,2107,286217,324334
341,RICCO Industrial Area,274572,0.75%,38,7226,2115,286902,326774
342,Vadalur,273523,0.62%,41,6671,2126,280531,292822
343,Dalla,272778,1.15%,33,8266,2134,288256,335500
344,Guna,271913,0.88%,31,8771,2138,281501,307746
345,Jind,270881,1.39%,41,6607,2149,296261,355725
346,Hassan,270626,1.07%,46,5883,2150,280945,306211
347,Minakhan,270142,0.99%,163,1657,2158,284328,343095
348,Muriya,269810,4.12%,69,3910,2159,314315,404733
349,Beldanga,269051,1.54%,57,4720,2165,278630,367294
350,Patahi,268862,5.06%,104,2585,2167,308290,468708
351,Chhatarpur,268598,0.64%,30,8953,2170,277140,300945
352,Pollachi,267200,0.78%,52,5138,2182,277922,298127
353,Bihpur,266585,1.42%,41,6502,2188,285071,364467
354,Bijnor,266240,0.98%,21,12678,2189,279154,315678
355,Kaithal,265502,1.27%,31,8565,2196,280762,322135
356,Nautan,264437,1.47%,122,2168,2203,355290,430523
357,Shikohabad,264322,1.42%,30,8811,2204,275846,329053
358,Hosapete,263965,0.29%,20,13198,2211,267845,274309
359,Firozpur,263304,1.19%,41,6422,2215,283058,328604
360,Pali,263275,1.06%,41,6421,2216,274497,323273
361,Palwal,262399,1.16%,27,9718,2221,287070,326397
362,Ambur,261614,0.78%,38,6885,2226,277070,308508
363,Moirabari,261593,8%,87,3007,2228,318808,430373
364,Areraj,261142,1.34%,85,3072,2234,281280,425409
365,Lalitpur,260680,0.61%,21,12413,2240,270170,289643
366,Chidambaram,260607,0.43%,25,10424,2241,266242,275216
367,Khalilabad,259783,1.03%,36,7216,2245,280262,343646
368,Vidisha,259638,1.09%,23,11289,2250,271092,309176
369,Nawada,259262,3.86%,99,2619,2253,296040,408298
370,Masaurhi,258274,3.33%,68,3798,2260,273523,372365
371,Shivpuri,257663,0.84%,26,9910,2264,265416,291467
372,Hindaun,256531,0.77%,20,12827,2277,267776,294589
373,Chitradurga,255586,1.01%,25,10223,2284,265746,293978
374,Nandyal,254606,0.48%,22,11573,2291,260641,276025
375,Borigaon,253566,2.05%,127,1997,2299,270518,346663
376,Ongole,253019,0.56%,26,9732,2301,258719,269944
377,Mahbubnagar,252285,0.74%,31,8138,2309,257640,269972
378,Araria,251001,1.02%,32,7844,2320,281551,332565
379,Sambalpur,250468,1.15%,36,6957,2326,261807,289575
380,Sikandarabad,250310,0.99%,23,10883,2329,262590,344340
381,Gangapur City,250176,1.16%,26,9622,2332,262664,296887
382,Dibrugarh,249646,0.34%,36,6935,2338,255457,264833
383,Bhimavaram,249410,-0.03%,25,9976,2343,248980,241083
384,Proddatur,248957,0.73%,23,10824,2346,262592,276266
385,Balrampur,248830,1.29%,34,7319,2347,262972,322198
386,Dausa,248804,1.01%,31,8026,2348,262854,303443
387,Naugarh,248273,1.57%,45,5517,2354,269253,326174
388,Porbandar,247916,0.81%,41,6047,2359,255663,275310
389,Gadag-Betageri,246730,0.27%,25,9869,2365,251615,255221
390,Dhupguri,245107,1.34%,38,6450,2377,265933,372990
391,Sawai Madhopur,243561,1.04%,29,8399,2400,259753,305123
392,Dharashiv,243276,0.31%,29,8389,2403,247029,251224
393,Khajauli,242567,4.24%,85,2854,2414,305777,441334
394,Hoshiarpur,242396,0.54%,37,6551,2416,265978,280389
395,Kannauj,242353,1.14%,23,10537,2417,264075,314831
396,Kamarda,241081,0.64%,81,2976,2433,251421,265253
397,Payyanur,240715,0.75%,82,2936,2437,252821,284686
398,Rajapalayam,240280,0.55%,35,6865,2443,246914,281952
399,Dohrighat,239251,1.03%,67,3571,2448,259669,358668
400,Veraval,238718,0.63%,29,8232,2454,246213,268504
401,Dhaka,237385,1.76%,66,3597,2465,252433,378153
402,Palanpur,237198,0.78%,28,8471,2467,250558,274157
403,Lakhnaur,237133,3.02%,56,4235,2470,259749,393854
404,Diamond Harbour,236861,1.85%,57,4155,2476,244398,258930
405,Modanganj,236293,2.47%,83,2847,2482,251930,356589
406,Amarpur,236273,4.64%,91,2596,2483,283667,505269
407,Tanda,234610,1%,21,11172,2498,262879,313691
408,Bilasipara,234318,1.29%,69,3396,2503,268804,333687
409,Chakan,233615,1.53%,62,3768,2515,252841,300607
410,Beawar,232862,1.55%,37,6294,2521,245634,299692
411,Tiruvallur,232380,0.65%,31,7496,2530,238408,276417
412,Nandurbar,232060,1.54%,25,9282,2533,245611,285654
413,Amarshi,231983,1.61%,89,2607,2534,250799,276125
414,Karad,231965,0.30%,39,5948,2535,235421,239496
415,Balotra,231609,0.69%,27,8578,2540,249440,284774
416,Vrindavan,231456,0.83%,23,10063,2541,244565,274544
417,Ratnagiri,231420,0.34%,34,6806,2542,235306,239755
418,Ambikapur,230136,1.11%,36,6393,2553,239483,263329
419,Jorhat,229980,1.16%,51,4509,2556,244751,275588
420,Gudiyatham,229582,0.73%,21,10932,2558,250707,285436
421,Masrakh,228857,1.89%,103,2222,2567,272373,426586
422,Adoni,227758,0.38%,19,11987,2580,230635,235431
423,Lakhisarai,227316,1.19%,24,9472,2587,240710,279255
424,Auraiya,226306,0.50%,18,12573,2601,233609,256241
425,Hojai,225254,1.28%,36,6257,2614,232919,278106
426,Maharajganj,225197,0.99%,38,5926,2617,236186,352471
427,Buxar,224915,0.81%,27,8330,2623,233500,283526
428,Chirala,224718,0.57%,30,7491,2625,233867,248178
429,Mandya,224701,0.85%,28,8025,2626,232745,250336
430,Patan,224443,0.81%,19,11813,2629,232167,258544
431,Ramgarh,224417,1.68%,40,5610,2630,241851,358143
432,Datia,224287,0.60%,19,11805,2634,241465,267125
433,Tonk,223356,0.82%,23,9711,2645,234066,262671
434,Rajnandgaon,223243,0.93%,25,8930,2646,234822,264576
435,Durgapur,222089,0.51%,54,4113,2658,227996,238521
436,Sahebganj,221858,2.71%,88,2521,2662,292376,360761
437,Ramagundam,221352,0.43%,36,6149,2667,231657,245444
438,Kahalgaon,221187,1.71%,36,6144,2668,233177,268301
439,Tenali,220719,-0.04%,24,9197,2676,220331,213417
440,Banjari,220696,3%,45,4904,2678,236054,288485
441,Rewari,220564,1.58%,31,7115,2683,232068,264300
442,Theni,219721,1.89%,48,4578,2689,228726,246160
443,Bangaon,219613,0.52%,15,14641,2692,225313,244482
444,Dhampur,219479,1%,13,16883,2694,232407,316951
445,Kasaragod,219354,1.02%,47,4667,2696,238744,263552
446,Karauli,219291,1.24%,16,13706,2698,231468,279923
447,Dharmapuri,217692,0.67%,29,7507,2719,225003,239410
448,Sahjanwa,217480,1.18%,54,4027,2722,235880,285938
449,Khamgaon,216271,0.82%,26,8318,2731,224663,241308
450,Naugachia,215547,1.29%,35,6158,2738,233872,284944
451,Baraut,214706,0.95%,24,8946,2752,224823,330606
452,Mavelikkara,214688,1.03%,69,3111,2753,232493,256210
453,Bardhaman,214413,0.48%,37,5795,2761,217934,221742
454,Kishanganj,214352,0.98%,27,7939,2763,235093,297309
455,Shamli,213782,1.09%,24,8908,2773,245079,279774
456,Darauli,211985,2.67%,97,2185,2799,229665,311547
457,Koliwar,211825,2.29%,49,4323,2801,281386,363298
458,Nagapattinam,211625,1.08%,52,4070,2805,216973,226153
459,Namakkal,211231,0.57%,35,6035,2816,217171,229510
460,Kharupetia,209917,2.46%,52,4037,2832,252131,287518
461,Muvattupuzha,209875,0.76%,33,6360,2834,220679,280587
462,Gandhinagar,209534,3.55%,54,3880,2839,220879,251601
463,Shahada,209445,0.96%,23,9106,2842,219378,253073
464,Maner,209055,0.90%,37,5650,2845,228596,301788
465,Madhuban,209032,7.07%,78,2680,2846,269915,363615
466,Udgir,208827,0.47%,19,10991,2854,213729,226945
467,Waladgaon,208139,0.47%,32,6504,2862,218620,264455
468,Moga,207709,1.30%,29,7162,2868,217882,239700
469,Srikakulam,207661,0.51%,28,7416,2870,210022,212675
470,Kovilpatti,207239,0.56%,24,8635,2874,213064,225665
471,Balangir,206728,0.70%,22,9397,2883,215558,237111
472,Buldhana,206544,0.58%,19,10871,2887,211069,220685
473,Bongaigaon,206362,0.91%,38,5431,2889,220632,237261
474,Pampore,206302,1.97%,26,7935,2890,221517,311278
475,Nagaur,205380,1.32%,29,7082,2905,213530,255258
476,Kasganj,205011,1.91%,30,6834,2911,213552,244908
477,Udhampur,204468,0.84%,42,4868,2917,216376,233722
478,Alauli,204361,3.29%,58,3523,2919,217954,277965
479,Asarganj,204072,6.65%,60,3401,2924,229434,392159
480,Dumka,203306,0.61%,23,8839,2934,207956,218009
481,Shimla,202908,0.29%,16,12682,2937,209055,215628
482,Pusad,202862,0.54%,21,9660,2938,208313,222005
483,Perinthalmanna,202201,0.91%,35,5777,2945,251272,277139
484,Supaul,202024,2.29%,30,6734,2948,295877,442143
485,Gola Gokarannath,201963,0.83%,16,12623,2950,213470,233092
486,Madanapalle,201938,0.51%,19,10628,2951,209684,225328
487,Forbesganj,201833,1.12%,24,8410,2953,218196,264778
488,Bhuj,201616,0.78%,37,5449,2956,230728,250237
489,Vaniyambadi,201496,1.01%,23,8761,2961,213281,231766
490,Chalisgaon,200847,0.94%,19,10571,2978,210122,238520
491,Bhabua,200740,1.61%,19,10565,2982,216301,260482
492,Gamharia,200505,3.69%,91,2203,2985,243311,306764
493,Himatnagar,200338,0.78%,29,6908,2988,209641,230842
494,Mejia,200018,0.86%,34,5883,2993,205083,218553
495,Kanauta,199871,1.04%,44,4543,2995,211772,246239
496,Pudukkottai,199239,0.54%,24,8302,3002,204630,222801
497,Jhanjharpur,199196,3.31%,45,4427,3003,213979,285722
498,Jhunjhunu,198109,0.71%,30,6604,3021,208166,229872
499,Ambajogai,197735,0.49%,21,9416,3024,202550,214870
500,Banswara,197615,0.87%,28,7058,3029,206136,234122
501,Taliparamba,197119,0.94%,26,7582,3034,205004,229640
502,Balasore,195551,0.59%,24,8148,3068,201380,208666
503,Rafiganj,195539,1.65%,23,8502,3070,210163,252948
504,Govardhan,194777,0.86%,17,11457,3087,226001,254617
505,Arani,194481,1.16%,25,7779,3089,208641,230000
506,Kamarkuchi,194038,0.98%,72,2695,3093,208400,275927
507,Tinsukia,193952,0.52%,26,7460,3096,199098,212973
508,Mancherial,193949,0.47%,33,5877,3098,198466,210429
509,Port Blair,193657,-0.26%,57,3397,3101,193198,188548
510,Dankuni,193310,0.83%,50,3866,3107,197901,226253
511,Karaikudi,193126,0.71%,28,6897,3109,197038,206892
512,Bohori,193105,1.32%,43,4491,3110,202752,261586
513,Akbarpur,192841,2.40%,39,4945,3113,222339,281452
514,Pakaur,192641,0.79%,29,6643,3119,197991,212926
515,Rangreth,192099,1.42%,40,4802,3128,208062,266430
516,Panaji,191882,0.50%,53,3620,3131,198440,212662
517,Chittoor,190988,2.38%,29,6586,3141,203860,227388
518,Deesa,190896,0.90%,17,11229,3143,204563,229735
519,Tarkeshwar,190547,9.31%,59,3230,3152,196041,283319
520,Phaphamau,190377,1.01%,30,6346,3156,202747,254401
521,Tirupattur,190260,0.86%,29,6561,3160,201642,249528
522,Parli,189364,1.37%,24,7890,3175,196035,209148
523,Kalna,189074,0.49%,27,7003,3180,205030,215155
524,Dinhata,188805,1.74%,21,8991,3188,199329,249352
525,Betul,188624,0.93%,20,9431,3192,197350,224345
526,Chittorgarh,188409,1%,35,5383,3203,200618,258567
527,Alipurduar,188104,0.89%,26,7235,3211,196407,217382
528,Domariaganj,187658,1.47%,67,2801,3217,201875,339287
529,Bandikui,187457,1.23%,28,6695,3220,203377,255962
530,Jehanabad,187144,0.90%,15,12476,3226,211519,263808
531,Machilipatnam,186232,-0.05%,21,8868,3243,185763,179216
532,Sultanganj,186175,5.65%,30,6206,3245,197495,236097
533,Meja Road,186137,4.13%,82,2270,3247,195534,369354
534,Katwa,185609,0.46%,18,10312,3253,189839,197742
535,Achalpur,185432,0.60%,22,8429,3254,189614,199972
536,Contai,184806,0.55%,34,5435,3259,189843,198629
537,Islampur,184756,0.30%,19,9724,3261,190452,194133
538,Kendrapara,184412,0.31%,15,12294,3268,187264,198950
539,Padmanabhapuram,184072,0.75%,44,4183,3275,202580,223913
540,Kadi,183747,5%,35,5250,3281,192918,219104
541,Bendaravadi,182740,0.12%,6,30457,3299,189649,200617
542,Krishnagiri,182684,0.73%,27,6766,3301,196084,220215
543,Daudnagar,182629,1.01%,18,10146,3304,198404,259355
544,Digha,182179,0.62%,22,8281,3307,187802,198968
545,Mahoba,182158,0.78%,19,9587,3308,187884,201333
546,Lanckhul,181878,8.51%,53,3432,3312,196734,249799
547,Sri Muktsar Sahib,181614,1.07%,20,9081,3317,189885,209577
548,Shahganj,181573,1.33%,46,3947,3318,195282,223486
549,Nalgonda,181364,0.37%,25,7255,3321,184718,192186
550,Bargarh,180982,2.41%,25,7239,3330,187593,220240
551,Ottapalam,180901,1.12%,41,4412,3334,190167,238283
552,Semapur,180033,1.43%,86,2093,3357,193063,266910
553,Turkaulia,179970,1.27%,63,2857,3360,197686,267276
554,Goalpara,179798,0.83%,31,5800,3364,187997,205220
555,Bhandara,179292,0.34%,21,8538,3376,182297,186516
556,Rajpura,179199,0.44%,25,7168,3378,184773,206327
557,Hanumanangarh Junction,179048,0.98%,28,6395,3380,187719,210601
558,Mokama,178984,1.07%,23,7782,3382,190772,224077
559,Hingoli,178960,0.89%,22,8135,3384,183953,194638
560,Matihani,178609,1.25%,38,4700,3388,194001,232848
561,Kotwa,177663,1.90%,66,2692,3402,211244,292684
562,Adilabad,177504,0.45%,16,11094,3405,183155,189938
563,Handia,176779,5.10%,77,2296,3415,269232,411515
564,Mandsaur,176588,0.99%,23,7678,3421,183827,200393
565,Udaipur,176421,0.67%,37,4768,3426,182271,199559
566,Islampur,176380,2.60%,27,6533,3428,192599,306630
567,Goroimari,176071,1.61%,67,2628,3435,183735,222075
568,Durgachak,175690,0.73%,63,2789,3441,182025,192514
569,Paroo,175622,4.03%,77,2281,3445,205174,247578
570,Deoband,175524,1.28%,16,10970,3447,185564,210321
571,Makrana,175281,0.99%,30,5843,3453,184006,245962
572,Khambhat,175044,0.89%,14,12503,3456,182736,200486
573,Godda,174971,1.16%,15,11665,3457,186807,234641
574,Baramati,174885,1.78%,34,5144,3461,183049,211158
575,Barnala,174847,0.85%,26,6725,3463,196579,220041
576,Tiruchengodu,174719,0.85%,26,6720,3469,192306,217928
577,Amalner,174631,0.84%,16,10914,3471,183661,209714
578,Sehore,174421,0.96%,16,10901,3476,181376,219599
579,Narasaraopet,174158,0.39%,15,11611,3479,177577,194093
580,Mannargudi,173845,0.45%,20,8692,3487,177733,185474
581,Shirpur,173732,1.84%,15,11582,3490,181368,208144
582,Bhadravathi,173274,1.04%,24,7220,3498,183774,209533
583,Mubarakpur,172980,0.90%,34,5088,3505,180724,223677
584,Kalgachia,172773,2.77%,89,1941,3509,230984,286564
585,Dabra,172065,0.95%,13,13236,3527,180393,205494
586,Mahuva,171859,0.74%,16,10741,3530,176796,195796
587,Borsad,171672,0.86%,13,13206,3533,179017,212002
588,Kolar,171583,0.62%,19,9031,3537,176896,190310
589,Bhawanipatna,170904,0.68%,16,10682,3545,176699,194649
590,Fatwah,170601,1.29%,22,7755,3549,181469,222600
591,Kaimganj,170579,2.09%,24,7107,3550,180448,212585
592,Muhammadabad Gohna,169968,1.86%,35,4856,3558,191671,256051
593,Vaddu,169868,0.51%,23,7386,3561,174159,181079
594,Hindupur,169724,1.77%,27,6286,3564,176332,193037
595,Chitrakoot Dham,169605,0.65%,23,7374,3566,176727,192935
596,Chirand,169348,1.33%,50,3387,3570,182236,224983
597,Thodupuzha,169038,1.23%,29,5829,3574,175168,195473
598,Lala Chhapra,168357,3.19%,61,2760,3587,182465,240053
599,Arakkonam,168096,0.59%,26,6465,3592,173061,190934
600,Ghatkesar,167897,7.51%,38,4418,3597,177097,197785
601,Robertsganj,167273,1%,15,11152,3612,178608,204219
602,Seoni,167040,0.33%,18,9280,3619,169748,175113
603,Narkatiaganj,166942,0.92%,17,9820,3623,174518,212856
604,Dakshin Gopalnagar,166852,5.70%,95,1756,3627,176500,211234
605,Phagwara,166422,0.63%,27,6164,3639,172397,178890
606,Amreli,166344,0.61%,21,7921,3643,171418,184326
607,Churachandpur,166168,0.79%,25,6647,3647,168838,172932
608,Barpeta,165937,1.12%,21,7902,3654,171912,229712
609,Baligawan,165019,10.51%,71,2324,3669,178967,224374
610,Sultan Bathery,164809,1.38%,39,4226,3674,171096,195754
611,Sendhwa,164765,1.20%,14,11769,3676,173161,216026
612,Sagorkuti,164710,1.58%,31,5313,3677,176075,214663
613,Chhibramau,164475,1.44%,20,8224,3683,171558,225575
614,Medinipur,163945,0.40%,21,7807,3694,169328,173779
615,Ranaghat,163785,1.11%,27,6066,3701,167591,176692
616,Raxaul,163674,3.24%,26,6295,3703,172817,212992
617,Chopda,163422,0.92%,9,18158,3710,170866,190075
618,Waria,162984,0.43%,55,2963,3714,166458,173641
619,Aurangabad,162358,1.18%,21,7731,3725,172109,206546
620,Washim,162030,0.52%,17,9531,3735,166257,174960
621,Kalol,161628,2.28%,20,8081,3743,167222,181214
622,Lalganj,161426,0.96%,34,4748,3748,171910,206255
623,Mandi Gobindgarh,160473,0.76%,31,5177,3773,165066,185587
624,Kalyanpur,160328,9.75%,67,2393,3775,176562,241147
625,Golaghat,159881,1.04%,18,8882,3787,162733,173213
626,Gajraula,159642,1.76%,16,9978,3793,172920,237202
627,Chamagram,158905,0.73%,54,2943,3811,176896,198646
628,Puranpur,158049,0.81%,12,13171,3828,165945,190226
629,Koyilandy,158004,0.78%,20,7900,3831,164109,182295
630,Kushinagar,157996,1.42%,32,4937,3832,176871,289070
631,Badarpur,157814,0.75%,27,5845,3839,172097,204699
632,Malerkotla,157661,1.29%,18,8759,3843,170697,195851
633,Halol,157480,1.09%,20,7874,3848,166157,225026
634,Kotdwar,157191,1.08%,24,6550,3855,167210,199308
635,Mandideep,156894,1.11%,21,7471,3859,168290,190979
636,Nalbari,156855,0.62%,21,7469,3861,161693,180149
637,Bundi,156802,1.31%,19,8253,3863,167077,190846
638,Dhenkanal,156674,0.31%,16,9792,3865,162936,166346
639,Virudhunagar,156655,0.56%,19,8245,3866,160998,170234
640,Singrimari,156607,1.10%,56,2797,3868,166468,197282
641,Shahabad,156497,0.86%,15,10433,3871,163206,182918
642,Sonbarsa Kacheri,156157,1.08%,69,2263,3880,168541,225479
643,Gondal,155777,1.80%,26,5991,3891,160854,174960
644,Sahebpur Kamal,155653,1.95%,37,4207,3894,165987,208643
645,Lumding,155479,0.79%,16,9717,3898,161820,174799
646,Khatauli,155433,0.94%,14,11102,3901,162650,198214
647,Gurdaspur,155337,0.52%,23,6754,3904,159328,178662
648,Chilakaluripet,155070,1.56%,21,7384,3907,160561,170116
649,Chakia,154876,4%,58,2670,3915,177283,267589
650,Samaguri,154667,2.02%,72,2148,3921,170833,226566
651,Hinganghat,154627,0.23%,14,11045,3924,156430,165193
652,Doddaballapura,154462,0.78%,24,6436,3929,162066,180434
653,North Lakhimpur,154408,0.58%,23,6713,3931,157390,171382
654,Bansi,154311,1.55%,39,3957,3933,167478,209998
655,Angul,154157,0.28%,33,4671,3934,157871,162061
656,Ukkunagaram Township,154126,0.31%,18,8563,3938,156472,159770
657,Venjaramoodu,153920,1.03%,42,3665,3944,158826,189720
658,Margao,153690,0.41%,50,3074,3947,158332,172545
659,Ramanathapuram,153408,0.36%,18,8523,3951,156160,160064
660,Mettur,153340,0.81%,31,4946,3952,158607,168856
661,Dhamtari,153179,1.34%,27,5673,3955,158120,173602
662,Guntakal,153162,0.26%,14,10940,3957,155114,158709
663,Colonelganj,153092,3%,49,3124,3958,160939,275862
664,Bolpur,152903,0.47%,25,6116,3961,156475,164310
665,Jalalpur,152660,4.56%,23,6637,3970,159340,281822
666,Raigarh,152612,1.23%,24,6359,3971,159262,174008
667,Gudivada,152443,-0.04%,15,10163,3975,152126,147154
668,Kolar Gold Fields,152361,0.91%,22,6926,3979,162719,184280
669,Gangavathi,152108,0.29%,16,9507,3983,154276,156693
670,Miryalaguda,151893,0.55%,18,8439,3986,154630,163401
671,Visnagar,151662,0.81%,17,8921,3996,159231,173939
672,Baripada,151330,0.50%,23,6580,4002,155074,162175
673,Gaddanakeri Tanda,151210,0.31%,18,8401,4006,153581,156134
674,Bagaha,151185,0.98%,31,4877,4008,158739,181798
675,Bairgania,151040,1.30%,44,3433,4011,160752,201501
676,Choudwar,150970,7.95%,32,4718,4012,153741,172430
677,Aruppukkottai,150821,0.82%,19,7938,4016,157538,167291
678,Tikamgarh,150433,0.65%,20,7522,4028,156907,178423
679,Garhwa,150420,2.31%,24,6268,4029,164217,194789
680,Baghua,150250,1.98%,61,2463,4037,196070,268914
681,Chandpur,149628,0.98%,13,11510,4051,166898,203043
682,Bairgachhi,148986,12.50%,61,2442,4071,221935,301788
683,Kuransarae,148265,1.40%,27,5491,4093,181928,214248
684,Nagda,148066,0.81%,14,10576,4099,155770,185144
685,Chikkamagaluru,147811,0.77%,23,6427,4108,153468,169996
686,Sahaspur,147779,1.01%,16,9236,4109,153749,169361
687,Tuni,147496,0.44%,18,8194,4120,149295,151441
688,Jamui,147481,1.07%,20,7374,4122,156879,191480
689,Rayagada,147449,0.28%,14,10532,4124,149539,153737
690,Faridkot,147445,1.23%,30,4915,4125,155092,184949
691,Suryapet,147409,0.39%,17,8671,4127,151872,158733
692,Chittaranjan,147243,0.73%,28,5259,4135,156415,167964
693,Narsinghpur,147194,0.56%,15,9813,4136,151272,164655
694,Raghunathpur,147149,1.54%,47,3131,4137,176569,205299
695,Abohar,146403,1.34%,22,6655,4157,151646,181019
696,Baghpat,146363,1.10%,12,12197,4162,154346,179344
697,Irinjalakuda,146147,0.66%,32,4567,4168,155391,171939
698,Bisalpur,146011,1.12%,10,14601,4172,157737,175044
699,Bakhri,145874,4.50%,40,3647,4179,167767,226090
700,Sangrur,145653,0.94%,20,7283,4189,152438,170718
701,Udumalaipettai,145550,0.64%,20,7278,4191,150223,159920
702,Jogapatti,145446,13.11%,57,2552,4195,156356,183356
703,Baran,145136,0.90%,18,8063,4206,156278,192368
704,Tekari,145097,6.29%,30,4837,4209,165216,217114
705,Chausa,144819,1.42%,39,3713,4215,154211,237751
706,Jetpur,144756,0.85%,20,7238,4217,149406,167906
707,Jagdalpur,144509,0.24%,18,8028,4227,146212,147947
708,Barshi,144412,0.48%,18,8023,4232,146389,148454
709,Koppala,144254,0.29%,17,8486,4234,146316,148599
710,Basoda,144218,0.61%,15,9615,4237,150119,165616
711,Botad,144180,0.75%,16,9011,4238,149589,169618
712,Harihara,143863,0.87%,23,6255,4244,151914,177296
713,Faridpur,143747,0.96%,14,10268,4247,149181,180737
714,Gohana,143745,1.44%,16,8984,4248,150249,177583
715,Baramulla,143059,1.25%,22,6503,4267,153552,184031
716,Narmadapuram,142861,1.12%,20,7143,4271,153548,176561
717,Pandharpur,142838,1.03%,20,7142,4273,144894,150321
718,Anpara,142827,1.27%,24,5951,4274,152320,171408
719,Mandla,142385,0.74%,21,6780,4287,147694,159362
720,Jajpur,142367,0.58%,14,10169,4288,149504,159436
721,Kalka,142230,0.62%,24,5926,4290,148186,156464
722,Tindivanam,140875,0.84%,17,8287,4332,145143,149311
723,Kamrej,140769,1.33%,33,4266,4335,148597,181502
724,Nabha,140500,0.65%,15,9367,4344,149485,162827
725,Pachora,140354,0.97%,12,11696,4349,147097,165667
726,Saktipur,140023,3.45%,32,4376,4359,144025,189237
727,Amalapuram,139782,-0.02%,16,8736,4366,139615,135519
728,Gumla,139746,1.87%,22,6352,4367,151271,189996
729,Haidarganj,139637,–,78,1790,4370,207146,364087
730,Coonoor,139569,0.62%,18,7754,4372,143885,155375
731,Kapurthala,139239,0.48%,23,6054,4381,142554,151217
732,Dharmavaram,138728,0.51%,14,9909,4393,147038,158639
733,Seohara,138679,0.98%,9,15409,4395,145391,167170
734,Tadepallegudem,138612,-0.04%,19,7295,4396,138311,133568
735,Dhekiajuli,138299,1.94%,18,7683,4402,142799,164126
736,Phalodi,138221,1.13%,15,9215,4406,144496,162651
737,Islampur,137998,0.85%,12,11500,4412,145331,172907
738,Neemuch,137789,1.24%,17,8105,4420,150355,170564
739,Raghopur,137683,1.27%,32,4303,4424,146320,187708
740,Itarsi,137187,0.90%,17,8070,4445,143337,165374
741,Pithampur,137042,1.71%,23,5958,4448,153220,186100
742,Shahapur,136791,1.13%,15,9119,4455,146027,173047
743,Sheikhpura,136618,1.18%,17,8036,4464,146145,184071
744,Kothagudem,136548,-0.05%,14,9753,4465,136232,131424
745,Balaghat,136434,0.50%,21,6497,4470,141229,157254
746,Ramganj Mandi,135983,1.23%,33,4121,4486,144368,200055
747,Emmiganuru,135977,0.26%,10,13598,4487,137719,140985
748,Kairana,135916,1.22%,10,13592,4488,142906,175564
749,Hailakandi,135647,0.54%,11,12332,4492,139261,147300
750,Gopalganj,135528,1.96%,20,6776,4497,142511,195674
751,Mangaldoi,135457,0.86%,22,6157,4499,139790,160975
752,Sahibganj,135449,0.55%,15,9030,4500,139171,146647
753,Siddipet,134919,0.35%,15,8995,4518,138814,149891
754,Palakollu,134600,-0.03%,16,8413,4523,134396,130338
755,Anakapalle,134491,0.47%,17,7911,4528,136191,140150
756,Narasapuram,134462,-0.01%,20,6723,4529,134367,130718
757,Yadgir,134251,0.50%,12,11188,4533,137616,153145
758,Rajsamand,134039,1.39%,41,3269,4544,142077,165227
759,Deganga,134002,1.98%,56,2393,4546,146730,160169
760,Mahwal,133907,4.99%,71,1886,4549,167385,227207
761,Palghar,133887,1.19%,17,7876,4550,151710,180420
762,Jagtial,133550,0.48%,16,8347,4565,135679,142951
763,Salempur,133526,1.14%,24,5564,4566,142313,168064
764,Harsidhi,132769,2.07%,50,2655,4597,169209,235667
765,Thiruvarur,132731,0.49%,23,5771,4599,135956,148593
766,Khanna,132643,0.68%,24,5527,4601,135720,143057
767,Sagauli,132522,2.39%,41,3232,4608,150820,201954
768,Bhaptiyahi,132340,1.74%,52,2545,4618,162558,214438
769,Nanjanagudu,132068,0.88%,14,9433,4630,137846,153055
770,Falakata,131941,1.12%,17,7761,4634,150202,186237
771,Kunda,131666,3.90%,32,4115,4639,143731,178966
772,Tanuku,131195,-0.03%,15,8746,4656,130989,126872
773,Biswan,131106,1.77%,13,10085,4661,140234,172092
774,Ambasamudram,130806,0.84%,20,6540,4668,134836,142766
775,Renukoot,130447,1.02%,16,8153,4677,136755,157241
776,Kotputli,130378,1.47%,17,7669,4682,142360,162411
777,Shahdol,130204,0.74%,19,6853,4687,133526,143020
778,Balia,130110,1.38%,20,6506,4690,137671,162308
779,Sandila,130012,0.63%,9,14446,4695,139148,160401
780,Ranebennur,129286,0.86%,13,9945,4726,133402,143556
781,Simla,129242,0.69%,38,3401,4728,133744,143273
782,Tufanganj,129052,1.91%,14,9218,4736,139028,159669
783,Badkulla,128858,0.73%,14,9204,4740,132022,137451
784,Nanpur,128824,1.26%,31,4156,4741,145421,192709
785,Akot,128771,0.40%,9,14308,4743,136166,142497
786,Hansi,128769,0.84%,16,8048,4744,136631,158217
787,Anand Nagar,128460,2.24%,30,4282,4756,164938,250396
788,Iltifatganj,128392,1.43%,25,5136,4759,141366,167506
789,Chunar,128237,1.62%,30,4275,4764,134744,169417
790,Kailashahar,127986,0.92%,34,3764,4778,133997,148553
791,Villukuri,127898,0.70%,34,3762,4782,138224,161631
792,Kottarakkara,127850,3.16%,25,5114,4784,132251,167256
793,Karaikal,127809,0.43%,28,4565,4787,133469,141314
794,Sujangarh,127788,0.76%,18,7099,4788,131236,142009
795,Shrirampur,127779,1.29%,21,6085,4789,133200,162362
796,Shahpura,127710,0.64%,7,18244,4791,131742,143415
797,Omanoor,127587,0.72%,59,2162,4797,145572,161715
798,Narnaul,127349,1.17%,20,6367,4804,133313,166106
799,Gobichettipalayam,127282,0.56%,22,5786,4806,130855,139065
800,Bhurkunda,126967,1.22%,32,3968,4816,137692,188344
801,Chaibasa,126936,0.49%,14,9067,4818,130055,141279
802,Malkapur,126837,0.46%,12,10570,4821,133097,141720
803,Kerakat,126779,2.16%,48,2641,4823,153992,212639
804,Bapatla,126759,1.01%,18,7042,4824,130190,137316
805,Modasa,126632,0.76%,14,9045,4828,132929,165016
806,Sherkot,126357,0.83%,7,18051,4838,131556,146465
807,Chamarajanagara,126300,0.79%,13,9715,4842,131279,150258
808,Sangamner,126244,0.70%,19,6644,4844,137512,159326
809,Chauri Chaura,126176,2.22%,39,3235,4847,168762,332243
810,Jeypore,126124,0.54%,12,10510,4851,127718,131154
811,Tarn Taran Sahib,126059,2.22%,28,4502,4854,129793,140034
812,Nawanagar,126039,1.30%,34,3707,4855,134117,160199
813,Kundapura,125304,0.86%,41,3056,4882,130654,144007
814,Paradip,125294,0.78%,38,3297,4883,130736,175210
815,Sarai Mir,125278,5.01%,35,3579,4884,151860,188604
816,Aonla,125273,1.08%,8,15659,4886,130524,145404
817,Kothamangalam,125140,1.10%,27,4635,4897,133544,152190
818,Tadipatri,125072,0.51%,24,5211,4899,131747,138269
819,Rajim,125059,0.61%,16,7816,4900,128859,142656
820,Punalur,124941,2.59%,18,6941,4903,132441,148481
821,Bari,124847,0.63%,8,15606,4909,128749,138809
822,Laharpur,124725,0.86%,8,15591,4913,131584,148226
823,Vasco da Gama,124550,0.81%,46,2708,4917,127403,131598
824,Chikhli,124108,0.50%,9,13790,4929,131835,154183
825,Basmat,124055,0.46%,10,12406,4932,126867,132768
826,Karwar,123784,0.34%,16,7737,4947,125941,130916
827,Neragyatanahalli,123403,0.08%,3,41134,4961,123920,147299
828,Patherwa,123138,3.51%,57,2160,4975,131375,249840
829,Zaheerabad,122826,0.94%,14,8773,4986,126313,135428
830,Sindhanur,122821,0.25%,11,11166,4987,124366,127505
831,Sinnar,122647,0.86%,20,6132,4992,127862,145746
832,Karanja,122638,0.49%,10,12264,4994,125614,131941
833,Pakaria,122517,2.36%,35,3500,5001,130317,218933
834,Churu,122411,0.53%,16,7651,5006,130276,145128
835,Pithoragarh,122399,1.12%,14,8743,5008,127690,148660
836,Mahagama,122313,4.73%,32,3822,5011,130226,253342
837,Phulidumar,122053,5.18%,49,2491,5021,184607,304219
838,Paramakkudi,121824,0.49%,16,7614,5027,124789,129883
839,Mohammadabad,121589,1.37%,19,6399,5038,127109,197459
840,Saidpur,121560,12.65%,44,2763,5039,127428,262161
841,Taranagar,121538,9.23%,51,2383,5043,173527,258263
842,Sheopur,121483,1.23%,13,9345,5048,127417,158727
843,Jaigaon,121471,0.94%,8,15184,5049,127115,139822
844,Jaysingpur,121412,0.30%,17,7142,5051,123242,125320
845,Tilhar,121299,0.72%,9,13478,5056,125650,152030
846,Panruti,121271,0.43%,19,6383,5059,123864,127772
847,Azara,121240,3.91%,40,3031,5062,129658,144186
848,Mannarkkad,121117,1.30%,25,4845,5066,125465,153901
849,Dholka,120980,0.85%,16,7561,5072,127605,143294
850,Dhar,120681,1.32%,14,8620,5085,125919,149555
851,Majalgaon,120675,0.50%,14,8620,5089,123652,129866
852,Baheri,120297,1.14%,10,12030,5108,125770,158536
853,Neem Ka Thana,119986,1.05%,16,7499,5118,129177,150427
854,Pattambi,119867,0.96%,29,4133,5125,129866,145890
855,Bihta,119862,2.03%,21,5708,5126,128745,162557
856,Jotsoma,119779,0.06%,5,23956,5129,120158,119847
857,Maihar,119693,1.41%,15,7980,5133,125116,140560
858,Chintamani,119533,0.89%,10,11953,5138,123425,135661
859,Bishwanath Charaili,119516,0.71%,19,6290,5140,126177,137036
860,Kosi Kalan,119418,1.03%,12,9952,5144,127122,147286
861,Bandipora,119367,1.80%,31,3851,5147,131136,164739
862,Alibag,119265,1.30%,18,6626,5150,127473,145849
863,Jhalawar,119246,0.85%,13,9173,5151,124298,234305
864,Nirmal,118694,0.47%,15,7913,5173,121490,129916
865,Marigaon,118572,0.81%,13,9121,5182,122015,138577
866,Shantipur,118319,0.44%,18,6573,5195,120925,124942
867,Thoubal,118160,5.21%,31,3812,5205,120319,123526
868,Ujhani,118107,0.77%,11,10737,5208,122642,148911
869,Pukhrayan,117969,0.91%,16,7373,5214,123392,133390
870,Arambagh,117956,0.47%,14,8425,5215,120733,131369
871,Pipariya,117812,0.81%,9,13090,5220,124221,150890
872,Duliajan,117768,0.42%,21,5608,5223,120241,124744
873,Parasia,117735,0.36%,12,9811,5224,119836,123079
874,Palani,117661,0.54%,17,6921,5226,120822,128025
875,Channapattana,117564,0.63%,14,8397,5233,122774,149936
876,Patori,117532,1.29%,25,4701,5235,126720,182632
877,Gadarwara,117297,0.73%,10,11730,5240,123969,134028
878,Ilkal,117175,0.55%,18,6510,5243,118902,120864
879,Fatehpur Shekhawati,117081,0.52%,13,9006,5245,121648,134528
880,Kathara,117002,0.57%,28,4179,5249,174649,183893
881,Makhdumpur,116949,3.56%,27,4331,5253,123777,201080
882,Sircilla,116696,0.35%,15,7780,5264,118706,123762
883,Hubli,116670,0.14%,35,3333,5265,117485,118963
884,Nautanwa,116313,1.45%,12,9693,5278,123197,139499
885,Mankachar,116276,0.66%,15,7752,5280,120065,133263
886,Atri,116097,5.66%,35,3317,5285,125184,153419
887,Ambah,116073,0.68%,8,14509,5287,124854,138598
888,Sekhu,115531,1.77%,16,7221,5317,120374,151763
889,Mauranipur,115334,0.62%,11,10485,5325,118865,138376
890,Madhupur,115301,1.89%,18,6406,5327,121104,129799
891,Gunnowal,115292,0.62%,21,5490,5329,120844,134227
892,Bayana,115287,0.81%,10,11529,5330,124243,138789
893,Kapadvanj,115270,0.81%,9,12808,5331,121626,142256
894,Lohardaga,115182,1.43%,18,6399,5337,130395,161046
895,Virudhachalam,115011,0.36%,11,10456,5344,118595,123139
896,Cumbum,114971,0.45%,10,11497,5348,117547,123373
897,Kandi,114941,0.55%,21,5473,5351,133246,139705
898,Kamareddy,114856,0.32%,11,10441,5355,118233,121521
899,Fazilka,114831,0.75%,13,8833,5358,119101,135994
900,Chiplun,114804,0.31%,16,7175,5359,119508,121951
901,Bodhan,114559,0.81%,13,8812,5370,117746,123557
902,Palitana,114454,0.53%,11,10405,5376,119036,133251
903,Talegaon Dabhade,114360,1.48%,28,4084,5379,119337,185261
904,Gummidipundi,114325,0.60%,18,6351,5381,117760,129550
905,Chakradharpur,114281,0.51%,13,8791,5384,117193,122110
906,Palwancha,114261,-0.05%,24,4761,5385,113992,109574
907,Sahar,114254,1.19%,21,5441,5388,120948,142904
908,Gokak,114238,0.55%,12,9520,5390,115906,119327
909,Tirukkovilur,114170,0.77%,22,5190,5393,120764,126340
910,Nutanbilkumari,114165,0.55%,26,4391,5394,117263,123400
911,Lonavala,114076,0.88%,21,5432,5399,120946,142248
912,Chomu,114019,0.95%,23,4957,5403,118028,146227
913,Mohania,113786,1.84%,18,6321,5410,119148,140269
914,Bhatkal,113728,0.82%,14,8123,5413,118376,147769
915,Chandrapura,113580,0.61%,23,4938,5422,121428,128447
916,Kalpi,113570,0.53%,7,16224,5423,116592,123787
917,Parhati,113542,8.14%,47,2416,5427,124499,170629
918,Pattukkottai,113537,0.38%,13,8734,5428,117220,127354
919,Sangareddy,113373,0.48%,13,8721,5436,116085,126704
920,Bangarmau,112974,0.98%,13,8690,5460,127422,142580
921,Bahadurpur,112863,7.31%,23,4907,5466,119543,165597
922,Hata,112711,1.26%,29,3887,5473,123170,218603
923,Rajgangpur,112614,3.14%,16,7038,5477,118817,143741
924,Tiruvetipuram,112541,0.56%,13,8657,5480,115680,122001
925,Tanduru,112361,0.95%,16,7023,5490,116395,121199
926,Raniyan,112256,1.11%,18,6236,5497,116215,155481
927,Kathua,112099,1.40%,23,4874,5506,115577,121670
928,Rath,111978,0.50%,9,12442,5515,114779,124061
929,Bikramganj,111959,2.40%,9,12440,5516,121001,142549
930,Sabalgarh,111946,1.15%,10,11195,5518,116854,140133
931,Kanhangad,111875,0.94%,37,3024,5522,117103,142429
932,Bhatapara,111814,1.12%,13,8601,5526,121301,137321
933,Lauria Nandangarh,111736,2.06%,26,4298,5532,137822,159356
934,Khaga,111135,0.66%,12,9261,5552,119168,130755
935,Phusro,111005,0.55%,19,5842,5558,114063,121390
936,Supaul,111000,2.72%,24,4625,5559,116906,135605
937,Khatīma,110976,1.43%,18,6165,5561,117773,144551
938,Rayachoti,110962,0.24%,8,13870,5563,112274,119919
939,Devsar,110864,5.29%,19,5835,5567,126028,155675
940,Thalaiyuthu,110851,0.93%,13,8527,5568,114548,122462
941,Nokha,110760,0.96%,18,6153,5577,114752,133696
942,Barwani,110727,0.95%,13,8517,5578,115928,132112
943,Kavali,110508,0.47%,9,12279,5586,113070,127462
944,Hamirpur,110495,0.93%,14,7893,5588,120135,160983
945,Unjha,110399,0.68%,10,11040,5592,115614,145425
946,Wani,110296,0.33%,13,8484,5598,112091,114558
947,Maniar,110221,1.01%,35,3149,5599,115749,131884
948,Bilimora,110202,1.37%,13,8477,5600,116537,137112
949,Kakdwip,110132,2.21%,24,4589,5602,114574,123766
950,Sivasagar,110111,0.75%,27,4078,5606,112443,119926
951,Rampurhat,110078,0.64%,12,9173,5608,112175,114678
952,Akbarpur,109949,4.40%,31,3547,5616,197303,313766
953,Fatehabad,109868,0.84%,18,6104,5621,114439,128762
954,Sirkazhi,109784,0.45%,13,8445,5624,112250,117993
955,Dalkola,109689,1.05%,35,3134,5630,115391,140258
956,Manihari,109630,1.37%,30,3654,5633,117171,135320
957,Joura,109591,0.93%,8,13699,5634,119484,137330
958,Abhayapuri,109482,1%,17,6440,5642,113471,147508
959,Bethuadahari,109472,0.42%,9,12164,5643,113295,116824
960,Udhagamandalam,109413,0.57%,15,7294,5646,112538,125932
961,Sonagar,109354,0.45%,42,2604,5652,116663,124220
962,Bangarapete,109149,0.71%,18,6064,5666,113012,129906
963,Panna,108751,1.07%,11,9886,5686,113180,129917
964,Tenkasi,108217,0.63%,15,7214,5710,113151,120214
965,Vishunpur,108186,1.61%,41,2639,5711,133027,183754
966,Hodal,108137,1.39%,13,8318,5714,114156,144451
967,Madanpur,108112,1.28%,35,3089,5715,122626,178814
968,Pernampattu,108107,0.97%,10,10811,5717,111938,128086
969,Puttur,108095,0.80%,21,5147,5720,114231,125138
970,Vyara,108033,1.21%,12,9003,5723,114836,142217
971,Jagatsinghpur,107659,0.39%,16,6729,5739,109754,151838
972,Pandua,107310,0.53%,17,6312,5757,111678,128862
973,Saidabad,107147,1.98%,51,2101,5768,150595,204067
974,Tariani Chowk,106937,1.20%,29,3687,5778,113297,154770
975,Khargone,106880,1.30%,16,6680,5782,112667,129886
976,Sirinagar,106683,2.33%,48,2223,5792,111700,157665
977,Nawabganj,106640,1.09%,9,11849,5796,110929,143318
978,Matabhanga,106509,0.92%,12,8876,5797,111342,130556
979,Biaora,106324,1.07%,11,9666,5807,111974,153761
980,Chatra,106305,1.38%,12,8859,5808,115235,133789
981,Kadiri,106005,0.37%,10,10601,5827,109417,122296
982,Lanka,105381,1.86%,19,5546,5854,109130,129868
983,Dibai,105239,0.92%,20,5262,5862,110061,126486
984,Sri Kalahasti,105237,1.38%,15,7016,5863,108333,116529
985,Dolvi,105214,1.81%,13,8093,5869,110154,132680
986,Jainagar,105191,3.44%,21,5009,5870,111621,148126
987,Ramanagara,105110,0.65%,12,8759,5875,110075,119037
988,Shorapur,104827,0.35%,12,8736,5891,106642,114306
989,Byasanagar,104793,0.59%,22,4763,5894,107851,113606
990,Paliganj,104740,5.44%,22,4761,5895,115807,169991
991,Ballarpur,104697,0.35%,12,8725,5898,106548,109270
992,Uran,104647,5.02%,35,2990,5904,116159,136736
993,Unchahar,104620,1.56%,19,5506,5907,110178,137050
994,Rasra,104603,2.90%,17,6153,5909,109081,150656
995,Swarupnagar,104567,0.65%,41,2550,5911,113638,120178
996,Haveri,104564,0.55%,11,9506,5912,105924,107156
997,Sahaswan,104364,1.21%,8,13046,5922,114977,129436
998,Abu Road,104271,1.74%,20,5214,5929,112606,159420
999,Kuchaman,104111,1.31%,15,6941,5941,107969,129430
1000,Mangalagiri,104101,-0.04%,18,5783,5943,103873,100166
1001,Dibiyapur,104070,0.98%,17,6122,5945,110826,121904
1002,Pilani,104008,1.72%,19,5474,5947,107966,117438
1003,Bodinayakkanur,103887,0.49%,10,10389,5955,108008,119067
1004,Khambhaliya,103878,0.88%,19,5467,5956,108606,120424
1005,Charkhi Dadri,103645,0.98%,15,6910,5976,110232,123015
1006,Gaighat,103613,–,40,2590,5979,110367,164194
1007,Chandpara,103552,1.52%,15,6903,5984,106724,116323
1008,R S Pura,103542,0.66%,24,4314,5985,106935,136175
1009,Gadchiroli,103366,0.41%,17,6080,5993,105498,108769
1010,Kotkapura,102951,0.74%,13,7919,6009,106728,124387
1011,Banka,102912,1.09%,10,10291,6010,110113,147774
1012,Kattumannarkoil,102818,0.44%,14,7344,6015,105063,108583
1013,Suratgarh,102818,1.10%,16,6426,6016,107063,116703
1014,Gursahaiganj,102813,2.03%,15,6854,6018,108668,163184
1015,Jagraon,102766,1.20%,17,6045,6020,107498,125191
1016,Kalpetta,102705,0.69%,13,7900,6023,127342,139004
1017,Siruguppa,102668,0.32%,8,12834,6026,104303,106060
1018,Barhiya,102557,1.20%,13,7889,6034,108619,127096
1019,Keshod,102064,0.45%,11,9279,6053,104359,111218
1020,Porsa,101979,0.84%,7,14568,6058,106218,138004
1021,Kundla,101909,0.51%,10,10191,6064,104482,113279
1022,Petlad,101698,0.90%,13,7823,6075,106238,129248
1023,Siltara,101599,1.17%,24,4233,6082,106076,117793
1024,Chakdaha,101447,0.46%,18,5636,6092,103791,108941
1025,Srivilliputtur,101105,1.40%,13,7777,6111,104106,111553
1026,Sirsi,100904,0.95%,15,6727,6124,105633,118113
1027,Tral,100795,2.87%,23,4382,6129,118631,171490
1028,Kanth,100769,1.04%,14,7198,6131,105959,123751
1029,Shegaon,100754,0.83%,14,7197,6133,103506,109534
1030,Ahmadpur,100723,0.54%,9,11191,6134,103434,109006
1031,Satar Halt,100711,2.38%,40,2518,6135,105981,141200
1032,Belsand,100614,9.74%,36,2795,6141,107619,150964
1033,Nilambur,100493,0.70%,13,7730,6147,116209,125893
1034,Senapati,100355,0.52%,11,9123,6157,102940,107566
1035,Baisi,100294,6.13%,40,2507,6159,107475,173972
1036,Majri,100184,0.98%,13,7706,6165,103843,109558
1037,Mehkar,99977,0.39%,7,14282,6174,101910,105585
1038,Challakere,99924,0.80%,12,8327,6177,103874,115137
1039,Tirwaganj,99699,2.30%,18,5539,6189,104254,124255
1040,Barbigha,99696,1.12%,14,7121,6190,176135,226227
1041,Piprarhi,99534,1.61%,31,3211,6203,105939,145089
1042,Jalalabad,99526,0.87%,13,7656,6204,110455,134626
1043,Nasriganj,99492,1.18%,11,9045,6205,108052,131049
1044,Vaikom,99487,0.69%,17,5852,6206,102917,116216
1045,Sherghati,99072,1.39%,13,7621,6231,150185,201088
1046,Bhaderwah,99019,0.99%,12,8252,6235,103970,111085
1047,Una,98955,0.59%,11,8996,6242,101840,109663
1048,Naubatpur,98828,1.58%,26,3801,6251,155325,206423
1049,Khairthal,98753,0.89%,9,10973,6256,103133,117925
1050,Dharmanagar,98672,0.52%,16,6167,6262,101226,113338
1051,Jokihat,98437,2.64%,40,2461,6276,113229,181358
1052,Jamner,98206,1%,9,10912,6295,104669,121362
1053,Chari Anantapur,98131,1.15%,42,2336,6299,105917,120439
1054,Kawardha,98124,0.60%,10,9812,6300,101065,110120
1055,Haringhata,97981,0.56%,32,3062,6316,100696,108175
1056,Wazirganj,97804,2.33%,17,5753,6327,106114,216017
1057,Armoor,97765,0.47%,10,9777,6330,100068,105747
1058,Tura,97664,0.73%,15,6511,6340,104266,119495
1059,Digboi,97526,0.81%,16,6095,6345,99967,106530
1060,Nahtaur,97304,0.81%,10,9730,6357,105701,134976
1061,Chirawa,97100,1.10%,16,6069,6368,100242,114586
1062,Sunam,97076,0.86%,13,7467,6370,102880,121397
1063,Sikka,97043,0.65%,17,5708,6371,101263,113535
1064,Anjar,97040,1.13%,15,6469,6372,106048,117225
1065,Jhargram,96823,0.47%,11,8802,6388,99067,102262
1066,Narwana,96815,1.09%,9,10757,6389,100651,116486
1067,Thangadh,96771,0.80%,16,6048,6391,100609,117457
1068,Nawada,96753,5.03%,26,3721,6392,99444,139139
1069,Nabadwip,96603,1.23%,21,4600,6395,99259,105568
1070,Sillod,96562,0.70%,8,12070,6399,98458,104146
1071,Duttapulia,96473,0.59%,23,4194,6404,106916,113179
1072,Sikandra Rao,96448,0.66%,6,16075,6408,115183,136218
1073,Atrauli,96423,0.76%,11,8766,6412,100064,113611
1074,Manigachhi,96369,5.94%,33,2920,6416,106550,183214
1075,Bardoli,96340,0.86%,14,6881,6418,100444,136724
1076,Khordha,96052,0.65%,18,5336,6434,100929,105833
1077,Bhargama,95800,1.05%,37,2589,6447,102323,132176
1078,Purba Rameshwarpur,95771,0.95%,30,3192,6448,110811,117523
1079,Azamnagar,95726,1.50%,34,2815,6452,101764,216320
1080,Bhagwānpur,95709,1.62%,15,6381,6454,112093,137727
1081,Barari,95619,2.97%,29,3297,6457,100779,134318
1082,Tardih,95569,1.26%,21,4551,6462,117043,143642
1083,Sikandra,95540,3.09%,39,2450,6463,162150,201384
1084,Lalsot,95532,2.26%,16,5971,6466,100605,146084
1085,Ganj Dundwara,95454,0.71%,13,7343,6475,98805,108827
1086,Jhajha,95336,2.59%,14,6810,6482,100486,174274
1087,Mairwa,95214,0.97%,24,3967,6488,134981,206975
1088,Panchananpur,95163,0.54%,16,5948,6490,97728,104469
1089,Nawalgarh,94664,0.64%,13,7282,6524,99959,123464
1090,Palladam,94623,0.60%,26,3639,6528,103070,111235
1091,Parghumti,94590,0.51%,63,1501,6529,97631,104847
1092,Doda,94523,0.32%,5,18905,6531,96023,101107
1093,Wanaparthy,94477,0.42%,10,9448,6537,99566,103901
1094,Niwai,94428,3.62%,17,5555,6543,99293,116563
1095,Pithapuram,94402,-0.04%,9,10489,6547,94225,91257
1096,Peppeganj,94394,1.26%,23,4104,6550,100308,113252
1097,Dondaicha,94353,0.96%,8,11794,6554,100420,118242
1098,Ekangar Sarai,94319,8.07%,33,2858,6556,100458,148115
1099,Phaltan,94315,1.09%,14,6737,6557,98078,111353
1100,Pariharpur,94280,1.24%,28,3367,6561,116102,144909
1101,Kiratpur,94234,0.79%,5,18847,6565,97932,109288
1102,Jalore,94192,0.92%,16,5887,6570,98472,126169
1103,Pandaveswar,94134,0.53%,20,4707,6576,96629,100914
1104,Ratangarh,94102,0.67%,15,6273,6578,99661,109279
1105,Suraimanpur,93715,1.92%,18,5206,6605,107988,144376
1106,Barpeta Road,93703,1.17%,16,5856,6606,97963,104313
1107,Bantwal Cross Road,93662,2.32%,27,3469,6610,100213,118944
1108,Periyakulam,93263,0.67%,12,7772,6637,96376,104733
1109,Rudauli,93257,0.85%,14,6661,6638,101134,132683
1110,Goh,93231,1.50%,12,7769,6640,105792,151505
1111,Sidhauli,93057,1.32%,16,5816,6645,106311,144337
1112,Akluj,93015,0.29%,15,6201,6648,94357,95782
1113,Sivaganga,93008,0.46%,15,6201,6651,95152,98934
1114,Tangla,93002,0.60%,10,9300,6653,95754,103924
1115,Bailhongal,92953,0.35%,9,10328,6655,94589,96706
1116,Dahanu,92938,1.65%,20,4647,6658,97724,121017
1117,Attur,92937,0.34%,12,7745,6659,94515,96624
1118,Kochas,92896,1.26%,8,11612,6666,109842,124000
1119,Viramgam,92774,1.27%,15,6185,6673,97085,112338
1120,Sopore,92764,3.83%,23,4033,6675,101603,140452
1121,Ayyampettai,92746,0.38%,9,10305,6678,96049,102042
1122,Fatehpur,92631,1.55%,19,4875,6688,143865,300566
1123,Jaisalmer,92563,1.07%,13,7120,6693,97476,130999
1124,Maharakul,92552,0.42%,29,3191,6694,94475,97617
1125,Brajarajnagar,92549,0.73%,17,5444,6695,99570,111876
1126,Kallakurichi,92476,0.83%,15,6165,6700,94338,100171
1127,Sarni,92358,1.27%,8,11545,6709,98441,113399
1128,Kalaspur,92307,0.60%,34,2715,6714,95075,100391
1129,Aranghata,92299,0.58%,23,4013,6716,96535,102073
1130,Kirodimal Nagar,92164,0.64%,10,9216,6726,95092,106342
1131,Lalkuan,92152,1.07%,24,3840,6728,100121,124306
1132,Tanda,92118,0.73%,7,13160,6730,104356,115139
1133,Tiruttani,92099,0.86%,10,9210,6732,96169,101471
1134,Talcher,91693,0.34%,27,3396,6761,93239,96690
1135,Dhoraji,91634,0.50%,10,9163,6765,93931,101422
1136,Odanthurai,91383,0.45%,13,7029,6778,93452,101264
1137,Nandura,91370,0.46%,7,13053,6779,93465,97715
1138,Mamarkha,91272,1.34%,33,2766,6791,95817,165063
1139,Mehdawal,91178,0.99%,20,4559,6801,99595,118322
1140,Katol,91096,0.73%,10,9110,6806,92905,95804
1141,Rahui,91045,1.36%,23,3958,6810,95694,120155
1142,Mallanwan,91028,0.84%,13,7002,6813,94840,104771
1143,Gadwal,91020,0.75%,9,10113,6815,94527,98321
1144,Shahapura,90788,0.28%,8,11349,6828,92051,94810
1145,Sankarankovil,90724,0.86%,11,8248,6831,93144,98583
1146,Murtijapur,90502,0.58%,10,9050,6846,93098,98635
1147,Brahmapuri,90391,0.40%,12,7533,6859,92185,96666
1148,Karimpur,90297,0.53%,15,6020,6869,100344,105367
1149,Tohana,90270,0.82%,11,8206,6872,93942,109033
1150,Mahasamund,90248,1.30%,12,7521,6877,94382,102394
1151,Kharagpur,90125,3.09%,16,5633,6883,100484,162598
1152,Upleta,89904,0.57%,9,9989,6894,92458,97839
1153,Ponnur,89725,0.58%,13,6902,6911,92335,98097
1154,Musarpatti,89690,–,30,2990,6913,95157,115046
1155,Bharthana,89588,0.78%,9,9954,6922,93048,103380
1156,Baddi,89539,0.70%,31,2888,6929,95159,107281
1157,Sohna,89445,2.30%,17,5261,6943,96461,136703
1158,Sironj,89343,0.55%,9,9927,6947,91799,104381
1159,Nanpara,89196,1.14%,13,6861,6961,97951,117611
1160,Bahalgarh,89181,1.62%,21,4247,6962,96570,120529
1161,Warisaliganj,89046,1.49%,13,6850,6968,101893,141409
1162,Khusalpur,88953,1.06%,37,2404,6974,103146,194420
1163,Raver,88914,0.87%,6,14819,6977,94449,127159
1164,Ghosi,88913,1.80%,12,7409,6978,94265,194596
1165,Sithana,88889,1.71%,19,4678,6980,99237,118256
1166,Chikkaballapura,88862,1.05%,12,7405,6984,91982,102474
1167,Mawana,88832,0.84%,8,11104,6987,92555,105647
1168,Dhuri,88759,1.10%,12,7397,6992,92316,114551
1169,Sira,88743,1.35%,10,8874,6994,93369,102575
1170,Parvathipuram,88739,0.25%,8,11092,6995,89852,92783
1171,Budhana,88719,0.93%,9,9858,6996,92817,106866
1172,Bharuwa Sumerpur,88663,0.63%,9,9851,7000,93564,104249
1173,Krishnai,88660,1.64%,22,4030,7001,97129,111416
1174,Ponkunnam,88660,7.78%,25,3546,7002,91744,103951
1175,Gobindpur,88616,4.35%,22,4028,7008,93987,130309
1176,Bindki,88607,0.59%,9,9845,7009,91218,97641
1177,Devada,88546,0.07%,12,7379,7013,88861,88690
1178,Murbad,88504,1.28%,10,8850,7016,95650,117100
1179,Nichlaul,88464,1%,18,4915,7020,98978,158918
1180,Nagari,88413,0.91%,15,5894,7023,92556,102795
1181,Sanchore,88289,1.78%,11,8026,7032,91734,106342
1182,Gulavthi,88257,3.52%,11,8023,7035,94167,122627
1183,Mazgam,88249,1.46%,7,12607,7036,96947,114286
1184,Samalkha,88198,0.86%,9,9800,7039,93693,126946
1185,Dhrangadhra,88197,0.61%,11,8018,7040,94534,106428
1186,Siswa Bazar,88076,3.99%,19,4636,7049,107504,125197
1187,Poonch,88069,1.43%,7,12581,7051,92867,136666
1188,Srinagar,88068,1.38%,14,6291,7052,94388,115918
1189,Malatipur,88013,2.16%,56,1572,7056,92939,108417
1190,Didwana,87984,1.42%,15,5866,7059,91436,100650
1191,Jintur,87940,0.48%,6,14657,7065,90036,94196
1192,Kaliyaganj,87933,0.87%,12,7328,7067,93316,105471
1193,Gudalur,87905,1.28%,17,5171,7069,90769,119088
1194,Bhinmal,87841,1.14%,12,7320,7076,93102,106056
1195,Jalalabad,87835,1.31%,12,7320,7077,92100,105324
1196,Deeg,87799,0.77%,9,9755,7082,91151,100770
1197,Jaspur,87797,0.81%,14,6271,7083,91347,102210
1198,Perambalur,87772,0.36%,13,6752,7085,89345,96349
1199,Pailapool,87738,2.03%,36,2437,7089,97868,162978
1200,Nadanghat,87735,3.17%,36,2437,7090,90432,97245
1201,Sanjarpur,87693,–,27,3248,7095,95187,168855
1202,Kopargaon,87579,1.18%,14,6256,7100,96211,110559
1203,Basantpur,87497,1.23%,36,2430,7105,144315,225609
1204,Campierganj,87450,–,33,2650,7110,104364,171301
1205,Warora,87386,0.37%,14,6242,7116,89001,91352
1206,Dharamshala,87128,0.67%,27,3227,7139,90034,98849
1207,Piro,87099,1.15%,10,8710,7140,95232,114760
1208,Parsauni,87044,2.39%,28,3109,7147,97738,120994
1209,Balachandrapur,87005,2.41%,33,2637,7150,88937,91582
1210,Shujalpur,86966,1.06%,12,7247,7152,93075,110531
1211,Basavakalyana,86949,0.52%,9,9661,7159,89219,97315
1212,Rajgarh,86918,0.62%,12,7243,7161,91125,101734
1213,Korutla,86646,0.38%,10,8665,7174,88273,90916
1214,Phulpur,86636,1.34%,18,4813,7175,185715,262826
1215,Mungra Badshahpur,86617,8.91%,15,5774,7176,91061,208826
1216,Gudur,86608,0.52%,10,8661,7178,94582,100350
1217,Dandari,86561,1.10%,18,4809,7182,91276,110641
1218,Vinukonda,86468,0.46%,8,10809,7189,90831,94986
1219,Neyveli Township,86442,0.85%,25,3458,7192,91536,95787
1220,Manapparai,86384,1.21%,14,6170,7199,88210,96151
1221,Jahangirabad,86362,0.81%,7,12337,7201,89850,106378
1222,Gangakhed,86295,0.43%,8,10787,7203,91456,95971
1223,Chhatrapur,86289,0.31%,9,9588,7204,87640,89186
1224,Jalesar,86224,0.67%,5,17245,7212,89076,100984
1225,Maluru,86221,1%,14,6159,7213,89141,97784
1226,Rajgarh,86220,0.99%,13,6632,7214,93047,112655
1227,Manmad,86212,0.86%,12,7184,7215,89894,101579
1228,Sardhana,86199,1.37%,9,9578,7218,90061,103556
1229,Thengha,86071,1.13%,19,4530,7226,111103,164419
1230,Maynaguri,86067,3.34%,14,6148,7227,90179,115910
1231,Banmankhi,86034,1.73%,19,4528,7232,132417,155040
1232,Mahabubabad,86017,-0.04%,11,7820,7235,85851,83044
1233,Nakhola,85849,0.76%,15,5723,7247,89093,105723
1234,Sainthia,85798,0.81%,17,5047,7254,87838,91214
1235,Baberu,85765,0.99%,11,7797,7257,88481,96948
1236,Kadayanallur,85741,0.52%,7,12249,7262,87951,91360
1237,Harda,85731,1.18%,12,7144,7263,89383,101078
1238,Haripal,85634,1.50%,25,3425,7273,105750,111367
1239,Ghatampur,85590,1.07%,9,9510,7276,94132,104164
1240,Bahuara,85548,1.78%,26,3290,7280,90259,105122
1241,Gola Bazar,85433,2.12%,29,2946,7293,91292,172477
1242,Haroa,85307,4.32%,39,2187,7302,89345,99196
1243,Garhmuktesar,85251,0.94%,8,10656,7310,89210,135129
1244,Jalaun,85109,0.48%,7,12158,7318,87143,95204
1245,Shiroli,85103,0.34%,16,5319,7320,86530,90642
1246,Kudra,85084,0.96%,10,8508,7324,89130,124957
1247,Degloor,85015,0.36%,5,17003,7332,86553,90836
1248,Sadabad,84994,0.70%,5,16999,7337,87953,98085
1249,Vadakkenchery,84967,4.68%,26,3268,7342,93115,102260
1250,Hilsa,84814,1.03%,8,10602,7355,90676,105323
1251,Rajauli,84805,2.16%,24,3534,7356,91710,114927
1252,Belthara Road,84763,3.20%,17,4986,7361,94344,146235
1253,Thawe,84564,0.97%,24,3524,7368,103221,185608
1254,Silapathar,84512,0.73%,12,7043,7373,86104,93826
1255,Sumerpur,84508,0.95%,16,5282,7375,90169,106673
1256,Ukhrul,84504,0.41%,9,9389,7377,86246,89068
1257,Udalguri,84383,0.63%,11,7671,7389,88541,95055
1258,Kannad,84355,0.90%,7,12051,7391,89624,107240
1259,Hanumangarh,84348,0.72%,10,8435,7393,87372,98427
1260,Khirz Sarai,84215,5.02%,24,3509,7402,89420,110753
1261,Pawapuri,84202,–,32,2631,7403,93675,137637
1262,Ratanpur,84171,1.60%,27,3117,7407,101345,134043
1263,Repalle,83974,-0.03%,13,6460,7419,83834,81112
1264,Parbatta,83952,1.66%,20,4198,7420,89393,156869
1265,Khopoli,83936,1.27%,11,7631,7422,87718,102022
1266,Jamakhandi,83928,0.26%,10,8393,7423,85003,85903
1267,Manawar,83779,1.82%,10,8378,7431,88765,103215
1268,Domkal,83717,3.14%,19,4406,7433,87503,97080
1269,Chandipur,83709,3.77%,39,2146,7435,93316,126820
1270,Amethi,83676,0.95%,13,6437,7437,91703,118564
1271,Samarlakota,83644,-0.03%,11,7604,7441,83541,80990
1272,Giingee,83571,0.31%,6,13929,7449,86376,97342
1273,Salepur,83388,0.37%,20,4169,7462,84918,87035
1274,Tulsipur,83352,0.90%,7,11907,7465,97991,125408
1275,Hasanpur,83260,1.23%,8,10408,7473,85546,99640
1276,Pratapgarh,83246,0.89%,10,8325,7475,86920,99517
1277,Sihor,83184,0.66%,12,6932,7480,85907,96998
1278,Rajam,83153,0.29%,14,5940,7484,85892,87577
1279,Rupnagar,83035,0.54%,16,5190,7493,86802,91016
1280,Digras,82952,0.48%,8,10369,7502,84932,89207
1281,Umarkhed,82900,0.80%,7,11843,7505,84747,94940
1282,Kodada,82864,-0.05%,11,7533,7508,82657,79656
1283,Husainabad,82792,2.83%,15,5519,7516,87302,112207
1284,Kaghaznagar,82706,0.40%,9,9190,7527,85913,88762
1285,Utraula,82688,0.93%,14,5906,7529,86516,106254
1286,Selu,82684,0.84%,9,9187,7531,84720,89157
1287,Sikandarpur,82669,2.03%,13,6359,7532,86552,111601
1288,Manjhi,82659,3.06%,28,2952,7533,111362,158510
1289,Belhari,82630,1.39%,25,3305,7534,128623,157793
1290,Morshi,82619,0.56%,9,9180,7535,84922,89673
1291,Aranthangi,82562,0.71%,12,6880,7540,87639,90042
1292,Lohna WEST,82547,4.87%,27,3057,7542,90812,146671
1293,Rangia,82382,1.10%,21,3923,7566,85390,92861
1294,Haspura,82295,1.21%,22,3741,7576,130510,243976
1295,Bahjoi,82244,1.16%,7,11749,7578,85456,94945
1296,Ashta,82031,0.89%,8,10254,7599,85635,103232
1297,Sardarshahar,81994,0.63%,16,5125,7601,86182,95120
1298,Mansa,81902,2.20%,13,6300,7607,87849,104201
1299,Aurai,81853,2.34%,28,2923,7615,94488,205295
1300,Shajapur,81830,0.89%,11,7439,7618,87105,99855
1301,Captainganj,81825,4.32%,17,4813,7620,85771,117719
1302,Khunti,81707,2.36%,18,4539,7630,86763,111816
1303,Narsipatnam,81603,0.97%,11,7418,7643,82670,83897
1304,Utelwa,81518,0.99%,12,6793,7649,95683,147216
1305,Banethu,81466,1.05%,39,2089,7654,92226,204112
1306,Kendujhargarh,81391,0.51%,14,5814,7659,83473,86864
1307,Jadcherla,81301,0.46%,11,7391,7669,83166,86372
1308,Lunavada,80941,0.75%,7,11563,7710,83957,91658
1309,Bijni,80878,1.34%,14,5777,7713,87430,102021
1310,Mansa,80814,0.68%,14,5772,7717,83555,98949
1311,Sundargarh,80672,0.97%,13,6206,7729,83520,93194
1312,Bishnupur,80584,0.40%,11,7326,7735,82202,87655
1313,Dhamdaha,80582,4.74%,32,2518,7737,84619,96940
1314,Gangarampur,80562,1.85%,16,5035,7741,87468,100471
1315,Almora,80513,0.71%,9,8946,7746,83372,92856
1316,Hunsur,80467,1.08%,12,6706,7755,85019,95847
1317,Champa,80239,0.64%,14,5731,7772,136212,182001
1318,Sattur,80207,0.63%,12,6684,7773,82728,87569
1319,Siddhpur,80189,1.50%,9,8910,7776,83156,104570
1320,Phulparas,80079,1.72%,24,3337,7788,85434,188887
1321,Krishnarajanagara,80075,0.72%,8,10009,7790,84561,94390
1322,Ganpatganj,79982,1.64%,36,2222,7795,102760,162817
1323,Fatehpur,79968,1.05%,30,2666,7797,84116,100420
1324,Rabakavi Banahatti,79923,0.27%,11,7266,7800,80999,83577
1325,Panskura,79913,0.93%,25,3197,7802,83607,89718
1326,Pandhurna,79810,0.73%,8,9976,7818,81233,84969
1327,Bilaspur,79794,0.90%,13,6138,7820,83353,101605
1328,Manda Road,79793,1.05%,37,2157,7821,100120,249857
1329,Pehowa,79710,0.81%,7,11387,7828,82902,122353
1330,Rasipuram,79519,0.54%,15,5301,7840,89594,120636
1331,Jowai,79510,0.73%,12,6626,7841,82410,91354
1332,Yellandu,79447,-0.03%,10,7945,7849,79337,76799
1333,Arasikere,79357,0.76%,11,7214,7860,82365,90782
1334,Mohmadi,79327,0.75%,8,9916,7866,82280,108779
1335,Thanam,79258,0.47%,11,7205,7869,81111,85155
1336,Puliyangudi,79246,0.45%,8,9906,7872,81007,86327
1337,Sainagar,79241,0.81%,13,6095,7874,84017,132929
1338,Titabor,79094,1.32%,20,3955,7881,81162,91972
1339,Devakottai,79038,0.37%,10,7904,7888,80500,82487
1340,Nuzvid,79006,-0.03%,10,7901,7892,78873,76369
1341,Vandavasi,78977,0.51%,10,7898,7893,83322,88017
1342,Adoor,78834,0.67%,27,2920,7912,82987,101776
1343,Bobbili,78803,0.66%,9,8756,7915,81361,82836
1344,Trimohini,78801,7.30%,34,2318,7916,81257,86239
1345,Kondagaon,78653,0.30%,12,6554,7926,81356,82971
1346,Nadapuram,78547,0.76%,35,2244,7934,81505,96267
1347,Macherla,78539,0.49%,8,9817,7935,80450,85488
1348,Anchal,78432,1.07%,20,3922,7943,81140,89168
1349,Solan,78428,0.61%,10,7843,7944,80801,85651
1350,Bisauli,78415,1.23%,9,8713,7945,81795,92093
1351,Kandhla,78220,0.86%,5,15644,7967,81574,90052
1352,Sindagi,78181,0.26%,8,9773,7974,79207,80235
1353,Mal Bazaar,78157,1.19%,8,9770,7978,82880,94801
1354,Manvi,78116,0.63%,8,9765,7983,80666,81840
1355,Sagwara,78079,0.87%,10,7808,7989,81436,105632
1356,Rajouri,77952,2.37%,12,6496,7998,97468,137031
1357,Jagdispur,77845,1.14%,10,7785,8011,82247,105434
1358,Ashoknagar,77823,0.59%,12,6485,8014,80095,85224
1359,Belaganj,77771,5.16%,26,2991,8019,82554,105539
1360,Tariasujan,77764,1.42%,38,2046,8021,86108,118906
1361,Ramnagri,77749,5.21%,30,2592,8024,83044,164977
1362,Pach Pakri,77704,2.35%,24,3238,8030,84502,121132
1363,Bharwari,77556,1.34%,18,4309,8038,119876,182393
1364,Amratala,77551,1.48%,35,2216,8039,79912,84670
1365,Lakhipur,77507,1.10%,16,4844,8042,83481,98114
1366,Atarra Buzurg,77393,0.53%,10,7739,8051,79424,88343
1367,Shencottai,77386,1.19%,14,5528,8053,79985,85768
1368,Rank,77298,0.80%,11,7027,8062,83469,96020
1369,Salha,77266,2.72%,34,2273,8066,86676,141214
1370,Khair,77244,0.93%,12,6437,8069,80794,106299
1371,Milak,77225,4.97%,13,5940,8074,80853,90345
1372,Pakri,77222,5.05%,22,3510,8075,82013,99336
1373,Kinwat,77194,0.59%,8,9649,8080,81037,86421
1374,Gazole,77073,0.89%,13,5929,8094,85306,98827
1375,Bansdih,77067,1.27%,12,6422,8096,93618,132490
1376,Dhanaura,77066,1.37%,11,7006,8097,86647,150357
1377,Mudkhed,76937,0.70%,9,8549,8113,79599,85912
1378,Akkalkot,76857,0.26%,7,10980,8116,77845,78768
1379,Konch,76823,1.54%,10,7682,8121,78990,84402
1380,Ghatal,76777,0.50%,11,6980,8126,91726,102399
1381,Risod,76727,0.48%,7,10961,8128,78552,82768
1382,Lingasugur,76691,0.31%,8,9586,8133,77866,79194
1383,Sattenapalle,76636,0.46%,9,8515,8140,78401,83554
1384,Nagarbera,76629,0.88%,37,2071,8141,107782,135982
1385,Khadda,76563,0.97%,15,5104,8144,81841,132035
1386,Ramnagar,76521,0.95%,8,9565,8146,86247,100832
1387,Mangrol,76476,0.54%,13,5883,8152,78514,90535
1388,Tribeniganj,76467,0.92%,19,4025,8154,81507,226730
1389,Nippani,76429,0.34%,14,5459,8156,77719,79357
1390,Sagara,76421,0.84%,15,5095,8158,79597,91044
1391,Sirsaganj,76293,1.04%,8,9537,8175,78758,106272
1392,Kozhencherry,76249,0.65%,25,3050,8177,80275,128949
1393,Harishchandrapur,76246,1.46%,32,2383,8178,82980,184799
1394,Neemrana,76161,1.63%,16,4760,8182,84654,96197
1395,Pattan,75975,1.54%,23,3303,8197,148326,345061
1396,Markapur,75945,0.46%,8,9493,8202,77669,81010
1397,Kodaikanal,75796,0.58%,14,5414,8219,79499,84184
1398,Anjangaon,75546,0.39%,5,15109,8243,77024,81231
1399,Chitrakoot,75534,0.75%,15,5036,8247,80559,92489
1400,Kamalpur Fatehabad,75486,4.69%,12,6291,8250,87999,112407
1401,Makhdumnagar,75457,1.31%,14,5390,8257,80349,154113
1402,Jaswantnagar,75456,1.32%,14,5390,8258,78956,95353
1403,Hussepur,75387,1.08%,30,2513,8260,79427,145562
1404,Malakanagiri,75375,0.27%,10,7538,8261,76404,77628
1405,Sheohar,75333,2.31%,16,4708,8264,94034,146713
1406,Mamrezpur Al,75229,1%,8,9404,8279,77608,84762
1407,Tirora,75183,0.74%,14,5370,8282,77954,90302
1408,Piduguralla,75173,0.40%,7,10739,8284,78199,107250
1409,Mungaoli,75132,0.73%,8,9392,8289,79483,86696
1410,Nawanshahr,75122,0.46%,13,5779,8291,76847,86744
1411,Ponda,75025,0.33%,12,6252,8296,76244,85594
1412,Bhushan Steel City,74919,0.19%,9,8324,8305,75631,77684
1413,Narayanpet,74862,0.43%,7,10695,8308,76457,79558
1414,Bhainsa,74825,0.91%,8,9353,8316,76740,79947
1415,Jiaganj Azimganj,74813,0.49%,12,6234,8317,80856,84440
1416,Amdabad,74752,1.03%,29,2578,8325,78597,91546
1417,Tipaturu,74699,0.77%,13,5746,8333,77541,89065
1418,Gossaigaon,74689,1.74%,11,6790,8336,78236,89248
1419,Noorpur,74563,0.90%,6,12427,8353,77896,108991
1420,Chandrakona Road,74434,0.51%,11,6767,8374,76309,79665
1421,Rajpipla,74433,0.98%,8,9304,8375,78053,95459
1422,Raisen,74352,1.45%,9,8261,8393,78217,97112
1423,Umred,73971,0.32%,10,7397,8421,75144,76900
1424,Hiriyur,73928,0.78%,9,8214,8422,78297,85332
1425,Tirumangalam,73889,0.93%,9,8210,8428,75831,80619
1426,Kayalpattinam,73807,0.66%,12,6151,8443,76227,89115
1427,Thiruvaiyaru,73760,1.53%,12,6147,8448,75471,78468
1428,Begamganj,73744,0.61%,6,12291,8449,75972,81482
1429,Puranigudam,73635,0.79%,26,2832,8459,96541,109993
1430,Salar,73539,0.54%,11,6685,8466,75502,78946
1431,Kollegal,73415,0.68%,8,9177,8481,75896,84835
1432,Bellampalli,73326,0.89%,9,8147,8487,75096,78395
1433,Aklera,73322,0.85%,6,12220,8488,76410,86938
1434,Nilanga,73316,0.55%,8,9165,8491,75306,79501
1435,Kachhwa,73314,6.35%,22,3332,8492,76978,115829
1436,Jhinjhak,73297,2.07%,11,6663,8497,77272,83867
1437,Kalol,73242,0.90%,10,7324,8502,78054,103675
1438,Nagina,73223,0.84%,7,10460,8505,85835,98772
1439,Titlagarh,73134,0.66%,8,9142,8515,75551,91450
1440,Duihawa Sher Bahadur Si,73085,1.05%,22,3322,8518,78439,151336
1441,Medak,72907,0.85%,8,9113,8531,81752,85739
1442,Jais,72749,1.15%,10,7275,8548,76963,92779
1443,Jatani,72699,0.31%,13,5592,8555,73816,82353
1444,Barkitanr,72682,4.46%,16,4543,8558,76733,88596
1445,Tumsar,72665,0.28%,7,10381,8563,75215,76711
1446,Shoranur,72653,0.69%,16,4541,8565,93282,110681
1447,Nayagarh,72538,0.33%,16,4534,8574,73740,75304
1448,Bah,72498,0.78%,6,12083,8575,78683,88033
1449,Hisua,72334,2.62%,12,6028,8593,77905,99460
1450,Manachanallur,72307,–,17,4253,8598,73806,77839
1451,Idar,72196,0.89%,17,4247,8614,75365,85670
1452,Mangrul Pir,72190,0.52%,8,9024,8616,74071,78204
1453,Yanam,72180,-0.09%,10,7218,8618,72101,70005
1454,Nazira,72168,0.50%,16,4511,8621,73981,80297
1455,Nohar,72158,0.88%,10,7216,8623,75318,82936
1456,Ambaji,72150,1.50%,12,6013,8624,75846,85737
1457,Nimbahera,72124,0.83%,14,5152,8628,76608,84093
1458,Mahmudabad,72080,0.93%,12,6007,8632,75417,87360
1459,Jaora,72036,0.76%,10,7204,8637,74742,87503
1460,Jangaon,72004,0.40%,9,8000,8641,73424,79108
1461,Daund,71992,0.90%,13,5538,8643,75186,83757
1462,Moranhat,71915,0.75%,9,7991,8650,74724,77015
1463,Amlagora,71820,–,16,4489,8660,73651,77048
1464,Bajpur,71770,1.21%,8,8971,8663,77777,85362
1465,Polur,71634,0.41%,9,7959,8674,73101,75411
1466,Mulabagilu,71624,0.72%,8,8953,8677,74172,79490
1467,Abhaipur,71614,1.23%,8,8952,8679,75966,105680
1468,Darwha,71449,0.59%,7,10207,8699,73538,78298
1469,Ogipur,71222,0.57%,10,7122,8721,73253,76975
1470,Pontinamallayyapalem,71220,1.05%,16,4451,8722,72000,72718
1471,Manori,71171,–,20,3559,8724,74877,90017
1472,Dongargarh,70920,0.65%,9,7880,8753,73224,80648
1473,Mandi Dabwali,70877,0.58%,9,7875,8757,74559,102258
1474,Palia Kalan,70784,0.94%,8,8848,8768,82659,109932
1475,Rudrapur,70643,0.92%,10,7064,8789,75425,96875
1476,Shahopur,70596,–,33,2139,8795,75109,112509
1477,Diphu,70518,1.07%,16,4407,8804,72839,79873
1478,Roha,70504,1.62%,13,5423,8805,76330,89695
1479,Behror,70380,2.27%,13,5414,8814,73900,87762
1480,Pazhayangadi,70377,–,33,2133,8816,72698,81943
1481,Agar,70352,1.01%,7,10050,8819,73879,88867
1482,Safipur,70328,1.25%,6,11721,8824,74782,85766
1483,Barharwa Khurd,70302,2.17%,29,2424,8827,76497,92108
1484,Kattappana,70278,0.63%,11,6389,8834,74040,91333
1485,Dharapuram,70274,0.92%,16,4392,8835,73560,82775
1486,Chengalpattu,70260,1.01%,15,4684,8836,72169,80626
1487,Murgia Chak,70191,4.91%,29,2420,8843,75551,86667
1488,Bidhuna,70140,0.85%,10,7014,8849,74654,84719
1489,Barhampur,70004,1.20%,13,5385,8865,93040,159061
1490,Lauiyah Nandangarh,69990,0.87%,16,4374,8867,76638,100060
1491,Daryapur,69986,0.43%,6,11664,8869,71497,75755
1492,Ladnu,69966,0.64%,11,6361,8872,72197,77447
1493,Shikaripura,69935,1.26%,10,6994,8875,72796,82869
1494,Warud,69901,0.19%,6,11650,8879,70578,71316
1495,Daman,69890,0.99%,17,4111,8880,78016,113495
1496,Shapar - Veraval,69890,0.82%,15,4659,8881,72728,81280
1497,Nowgaon,69833,0.61%,9,7759,8884,71950,77147
1498,Ariyalur,69750,0.41%,12,5813,8898,71169,75151
1499,Lalpur,69715,0.71%,12,5810,8903,72177,92965
1500,Bhimber Gali,69687,2.90%,18,3872,8908,72943,91835
1501,Patharhat,69614,1.01%,21,3315,8921,92585,190145
1502,Shikarpur,69591,0.99%,7,9942,8925,74578,87774
1503,Rajampet,69568,0.46%,7,9938,8928,71164,73927
1504,Kandukur,69510,0.54%,9,7723,8935,71380,76603
1505,Manendragarh,69310,3.17%,12,5776,8959,71432,77687
1506,Bhinga,69263,1.34%,8,8658,8962,72401,83790
1507,Rayadurg,69247,0.64%,7,9892,8964,70014,72195
1508,Singrauli,69116,1.18%,11,6283,8973,75096,90410
1509,Khrew,69037,1.50%,12,5753,8979,74143,124484
1510,Sarai Aquil,68974,0.90%,15,4598,8987,73655,111829
1511,Arang,68973,1.16%,8,8622,8988,71525,78224
1512,Dongam,68972,0.23%,22,3135,8989,72549,73754
1513,Bhawani Mandi,68971,0.86%,9,7663,8991,71919,84974
1514,Mahadipur,68957,1.12%,9,7662,8993,71388,84468
1515,Chahuta,68923,1.27%,17,4054,8996,73244,102611
1516,Chandi,68874,2.10%,18,3826,9005,74870,177019
1517,Kymore,68808,0.90%,10,6881,9014,71882,83633
1518,Bina Etawa,68807,0.71%,12,5734,9015,71220,84183
1519,Papanasam,68754,0.39%,10,6875,9020,70085,72245
1520,Pala,68739,1.88%,15,4583,9021,70938,82374
1521,Wadi,68733,0.61%,11,6248,9023,72397,82551
1522,Bhadravati,68705,0.37%,14,4908,9029,69958,73391
1523,Thuraiyur,68686,0.38%,9,7632,9031,69990,71877
1524,Bhagwanpur,68595,–,28,2450,9045,72576,91969
1525,Diu,68537,1.26%,15,4569,9050,71240,77792
1526,Taki,68513,0.67%,19,3606,9052,72153,85146
1527,Balichak,68480,0.51%,14,4891,9057,70232,73555
1528,Sitarganj,68427,0.96%,11,6221,9062,71670,80251
1529,Nathdwara,68376,1.18%,11,6216,9068,75497,93874
1530,Sajerpar,68288,1.02%,27,2529,9077,108930,148561
1531,Kosamba,68268,0.73%,6,11378,9081,70736,101365
1532,Soro,68236,0.56%,13,5249,9086,70132,75321
1533,Ramgarhwa,68195,1.68%,19,3589,9089,72357,174377
1534,Rahika,68174,–,29,2351,9091,120402,186329
1535,Shamsabad,68171,0.71%,10,6817,9093,72096,89752
1536,Pulwama,68159,1.49%,19,3587,9095,80145,189781
1537,Navapur,68142,1.33%,12,5679,9097,73006,87203
1538,Kaman,68120,0.87%,4,17030,9104,71071,78896
1539,Tilda Neora,67931,1.07%,9,7548,9129,70097,81708
1540,Radhanpur,67820,0.88%,8,8478,9141,70786,83155
1541,Khurai,67693,1.08%,9,7521,9155,71419,85597
1542,Pulivendula,67609,1.30%,10,6761,9163,69064,72069
1543,Sanawad,67541,0.97%,8,8443,9172,72336,92755
1544,Rajgan,67524,0.58%,17,3972,9176,69456,73368
1545,Dabhoi,67431,0.93%,9,7492,9189,70527,83075
1546,Karhal,67404,2.19%,9,7489,9193,70225,79025
1547,Paralakhemundi,67374,0.25%,9,7486,9198,68231,100295
1548,Jangareddygudem,67364,-0.03%,10,6736,9200,67252,65055
1549,Akbarpur,67304,0.57%,7,9615,9207,69201,77005
1550,Lawalangan West,67246,1.04%,16,4203,9216,73229,114121
1551,Katrisarai,67190,–,23,2921,9221,71003,103612
1552,Jharsuguda,67124,0.65%,17,3948,9234,70840,78200
1553,Kumta,67081,1.85%,25,2683,9240,70384,86405
1554,Pakribarawan,67069,1.56%,9,7452,9242,74838,105553
1555,Baihata,67018,1.25%,23,2914,9251,84024,94694
1556,Palasa-Kasibugga,67009,0.27%,9,7445,9254,67912,68826
1557,Dungarpur,66966,0.71%,13,5151,9262,69343,78113
1558,Arpora,66874,0.34%,25,2675,9273,68024,69553
1559,Kharua,66863,0.51%,17,3933,9274,68561,76200
1560,Manjeshwar,66846,0.76%,22,3038,9276,69370,142420
1561,Sahatwar,66813,0.64%,6,11136,9279,68933,86694
1562,Bishun Tola,66812,–,33,2025,9280,70295,103588
1563,Rattangarh Kanakwal,66658,1.24%,16,4166,9305,70752,87226
1564,Fatehabad,66573,0.89%,8,8322,9314,69503,94502
1565,Usilampatti,66514,0.49%,7,9502,9318,68141,77579
1566,Ambad,66396,0.51%,7,9485,9327,68096,71750
1567,Pattamundai,66394,2.30%,20,3320,9328,76449,78567
1568,Kalchini,66382,1.04%,13,5106,9329,84101,97411
1569,Balasinor,66333,1.09%,7,9476,9337,68564,75882
1570,Mahgawan,66316,0.91%,8,8290,9341,70975,80350
1571,Balapur,66305,0.84%,7,9472,9343,67993,71638
1572,Padra,66276,0.63%,5,13255,9348,68360,86017
1573,Kushalanagara,66084,–,14,4720,9369,68356,87677
1574,Lar,66081,1.64%,13,5083,9370,79629,89075
1575,Amgaon,66037,0.72%,11,6003,9381,68409,83304
1576,Kandhar,66019,1%,8,8252,9385,70099,74893
1577,Dumraon,66000,1.07%,10,6600,9388,79890,110198
1578,Goondpur,65967,1.52%,17,3880,9393,72433,94502
1579,Humanabad,65957,0.52%,6,10993,9394,67652,72874
1580,Rajgir,65873,1.87%,10,6587,9410,70568,88524
1581,Pāli,65839,–,27,2438,9416,70075,221498
1582,Salon,65836,–,18,3658,9417,75107,89611
1583,Fatehpur Sikri,65825,0.88%,9,7314,9419,68700,85579
1584,Jasdan,65801,0.62%,9,7311,9424,69440,74502
1585,Chandauli,65705,3.23%,21,3129,9434,74484,89656
1586,Bhalki,65619,0.54%,8,8202,9447,67367,71128
1587,Shahpur,65598,1.40%,10,6560,9449,76105,103954
1588,Jalgaon Jamod,65580,0.91%,6,10930,9454,67094,71675
1589,Sujapur,65407,0.98%,13,5031,9474,71424,94129
1590,Ramtek,65305,0.40%,11,5937,9487,66604,68655
1591,Pokaran,65278,1.62%,12,5440,9492,69174,81078
1592,Islamnagar,65264,0.81%,5,13053,9496,75195,83228
1593,Mālingaon,65214,–,39,1672,9500,77805,112469
1594,Bhongir,65195,0.38%,7,9314,9503,66436,68223
1595,Barara,65121,1.04%,11,5920,9513,68471,77400
1596,Paithan,65112,1.99%,8,8139,9515,67468,75932
1597,Madhugiri,65089,1.73%,10,6509,9519,67700,74307
1598,Chengannur,65054,1.47%,17,3827,9523,73040,80155
1599,Darewa,65052,–,29,2243,9524,68472,242105
1600,Chanchal,65029,0.93%,9,7225,9526,85826,113952
1601,Panchgram,65005,0.55%,15,4334,9527,66785,70125
1602,Kalitheerthalkuppam,64969,0.55%,16,4061,9531,66742,69794
1603,Roh,64953,3.53%,18,3609,9534,72054,99403
1604,Nalhati,64896,0.49%,13,4992,9541,66463,69166
1605,Sidhi,64662,2.48%,16,4041,9576,67542,82842
1606,Dhemaji,64644,0.32%,9,7183,9579,65683,67382
1607,Punganuru,64625,0.90%,7,9232,9582,66042,68676
1608,Limbdi,64617,0.57%,7,9231,9583,66455,74238
1609,Ode,64611,0.95%,8,8076,9585,67656,82540
1610,Jagdishpur,64567,2.92%,13,4967,9590,67513,104771
1611,Venkatagiri,64557,0.60%,11,5869,9593,66474,70700
1612,Kekri,64437,0.96%,10,6444,9610,67509,75945
1613,Pimpalgaon Basvant,64433,1.17%,9,7159,9611,68252,82297
1614,Mehrma,64413,0.57%,16,4026,9615,66233,69956
1615,Egra,64340,1.48%,9,7149,9621,66173,69637
1616,Vikarabad,64242,0.49%,7,9177,9631,65795,68716
1617,Chanpatia,64233,0.89%,8,8029,9633,70111,87118
1618,Gauriganj,64209,1.87%,19,3379,9640,70299,92368
1619,Naksimal,64196,0.55%,15,4280,9644,65938,69397
1620,Siyana,64048,0.56%,3,21349,9667,68835,89453
1621,Mandapeta,63952,-0.04%,8,7994,9685,63815,61691
1622,Changodar,63894,1.88%,21,3043,9694,68924,81755
1623,Balesar,63889,2.08%,14,4564,9696,67486,89134
1624,Chibinang,63882,1.29%,10,6388,9699,66442,74899
1625,Nirmali,63877,1.03%,10,6388,9700,67142,113445
1626,Amber,63876,1.58%,17,3757,9701,66948,80527
1627,Ramachandrapuram,63873,-0.05%,5,12775,9702,63723,61537
1628,Aliganj,63803,0.78%,8,7975,9709,69407,86195
1629,Pen,63796,0.82%,7,9114,9712,66407,80780
1630,Kherli,63785,0.75%,7,9112,9713,70760,84361
1631,Shevgaon,63768,1.28%,10,6377,9716,66448,79285
1632,Umbergaon Road,63715,1.25%,11,5792,9722,66153,81493
1633,Nuh,63706,1.21%,13,4900,9724,69022,83419
1634,Mudhol,63660,0.30%,12,5305,9731,64619,65778
1635,Garwel,63638,1.63%,15,4243,9735,111766,180316
1636,Rajula,63538,0.38%,7,9077,9743,65035,75180
1637,Kailaras,63498,1.31%,7,9071,9749,66103,72118
1638,Wokha,63466,0.90%,9,7052,9755,64798,66892
1639,Dhuraia,63423,–,27,2349,9762,116971,217805
1640,Georai,63398,0.46%,8,7925,9771,64839,67986
1641,Soron,63380,0.81%,6,10563,9773,65936,72533
1642,Shadnagar,63353,0.37%,9,7039,9775,64518,67955
1643,Laukaria,63318,–,37,1711,9778,76451,113885
1644,Gowribidanur,63287,0.71%,9,7032,9780,67003,76141
1645,Harapanahalli,63266,0.76%,7,9038,9787,65647,74302
1646,Anupshahr,63203,0.78%,6,10534,9801,67182,75086
1647,Mungeli,63138,0.67%,9,7015,9812,66779,79210
1648,Melur,63120,0.41%,9,7013,9817,64417,66378
1649,Jalwara,63048,–,10,6305,9823,72633,103548
1650,Saundatti,63020,0.80%,7,9003,9825,64042,65233
1651,Machhlishahr,63004,3.34%,14,4500,9829,67491,99672
1652,Ghatsila,62893,0.60%,13,4838,9851,66193,71504
1653,Laxmangarh,62856,1.06%,10,6286,9855,64752,76092
1654,Bhanjanagar,62827,0.30%,10,6283,9858,63778,67673
1655,Magdhar,62814,1.27%,7,8973,9861,66425,74765
1656,Bariarpur,62794,2.49%,11,5709,9868,66489,85468
1657,Narhat,62776,2.66%,22,2853,9872,66653,170725
1658,Kadiyam,62774,-0.03%,16,3923,9873,62673,60573
1659,Wankaner,62757,0.62%,9,6973,9877,64682,70358
1660,Cheeka,62740,1.05%,11,5704,9878,65987,83780
1661,Sondalia,62695,0.50%,22,2850,9887,65708,74326
1662,Chirimiri,62665,0.71%,10,6267,9895,64860,70547
1663,Behea,62595,1.36%,5,12519,9904,67013,85806
1664,Arwal,62565,–,14,4469,9913,66405,88285
1665,Barjora,62548,0.50%,13,4811,9916,64110,66786
1666,Gohad,62501,1.26%,7,8929,9925,64965,71451
1667,Banswada,62436,1.07%,8,7805,9941,64270,68451
1668,Modnipur,62389,1.18%,10,6239,9949,66019,139936
1669,Gannaur,62384,0.97%,8,7798,9950,66884,75633
1670,Kaliabor,62367,3.07%,20,3118,9953,66301,89486
1671,Nidadavolu,62338,-0.03%,10,6234,9957,62238,60244
1672,Hirakud,62306,0.59%,6,10384,9963,64126,68165
1673,Simdega,62288,1.21%,13,4791,9966,69089,87337
1674,Bawal,62278,1.41%,19,3278,9970,66605,82541
1675,Chanderi,62256,1.55%,7,8894,9976,64049,76849
1676,Maudaha,62240,0.63%,7,8891,9980,64196,70331
1677,Peddapalli,62180,0.40%,8,7773,9993,63410,70406
1678,Lala,62071,1.19%,15,4138,10004,84257,108675
1679,Asika,62062,0.36%,16,3879,10007,63188,64754
1680,Parangipettai,61999,0.53%,21,2952,10013,63624,69464
1681,Miranpur,61982,3.52%,7,8855,10015,65322,75602
1682,Kanakapura,61979,0.55%,7,8854,10016,65195,69068
1683,Paikar,61978,1.08%,21,2951,10017,74124,86265
1684,Dhone,61944,0.33%,5,12389,10020,64571,69533
1685,Malanpur,61889,1.59%,16,3868,10028,66731,81930
1686,Bhadgaon,61886,0.96%,7,8841,10029,64840,75878
1687,Mahendragarh,61871,1.08%,13,4759,10035,66792,77498
1688,Mohnapur,61818,–,27,2290,10046,65038,144523
1689,Malpura,61744,1%,9,6860,10057,64807,78625
1690,Berai,61734,1.24%,14,4410,10058,74774,99931
1691,Baniarapara,61729,1.04%,27,2286,10061,64292,116829
1692,Sirohi,61713,2.26%,11,5610,10062,68867,78191
1693,Nabarangapur,61698,0.33%,15,4113,10065,64224,67265
1694,Laksar,61671,1.21%,12,5139,10070,65372,76803
1695,Rawatbhata,61653,1.55%,12,5138,10071,65367,79506
1696,Bijawar,61647,1.02%,5,12329,10073,63348,70666
1697,Gursarai,61635,0.62%,6,10273,10077,63529,69737
1698,Kanchra,61579,1.07%,23,2677,10085,63402,66851
1699,Mandvi,61495,0.59%,9,6833,10095,63315,67311
1700,Jaggayyapeta,61452,-0.06%,8,7682,10098,61278,58946
1701,Peddapuram,61408,-0.04%,11,5583,10105,61292,59324
1702,Hoskote,61400,0.50%,8,7675,10108,62914,68880
1703,Margherita,61367,1.02%,12,5114,10112,62971,76436
1704,Hosadurga,61362,0.75%,6,10227,10114,63642,70559
1705,Umarga,61347,0.47%,7,8764,10115,64343,70895
1706,Kaduru,61336,0.61%,6,10223,10118,64746,72636
1707,Bhamora,61335,–,24,2556,10119,66171,78166
1708,Umerkote,61221,0.27%,7,8746,10136,62061,64556
1709,Alangulam,61180,0.60%,9,6798,10143,63018,66924
1710,Umaria,61135,0.63%,11,5558,10149,64591,71658
1711,Motikhavdi,61119,1.97%,23,2657,10155,64319,67025
1712,Itwa,61058,1.49%,20,3053,10166,64120,81888
1713,Athani,61011,0.78%,11,5546,10171,61882,62845
1714,Multai,60883,0.37%,8,7610,10192,61994,63705
1715,Bhadra,60858,0.87%,8,7607,10195,63487,69383
1716,Nirsa,60855,0.55%,12,5071,10196,62515,80309
1717,Kauriram,60779,3.18%,19,3199,10207,63992,81220
1718,Bokakhat,60718,0.41%,13,4671,10214,61965,63991
1719,Daurala,60712,1.35%,9,6746,10215,64755,76641
1720,Kopaganj,60707,1.07%,8,7588,10216,62499,78864
1721,Ramkola,60680,–,11,5516,10221,72111,98980
1722,Chachaura-Binaganj,60635,1.11%,8,7579,10225,63954,74255
1723,Jhajjar,60585,0.64%,8,7573,10237,62511,72809
1724,Sundarpur,60580,0.58%,13,4660,10238,62325,65901
1725,Thakurganj,60573,1.01%,14,4327,10239,63598,94277
1726,Chiraia,60571,–,27,2243,10240,64323,148160
1727,Partur,60516,1.07%,9,6724,10245,62264,66149
1728,Mokokchung,60426,0.32%,8,7553,10252,61396,67510
1729,Edappadi,60417,0.52%,10,6042,10255,63496,72793
1730,Suar,60270,0.81%,8,7534,10275,62691,99675
1731,Merta City,60251,0.87%,12,5021,10278,62850,71174
1732,Rampura Phul,60233,1.11%,9,6693,10280,62129,75537
1733,Khajni,60230,2.04%,25,2409,10281,66382,209710
1734,Sihora,60200,0.54%,9,6689,10287,61808,67475
1735,Ahwa,60173,1.04%,5,12035,10290,63280,72473
1736,Chakia,60128,0.90%,7,8590,10298,62808,71642
1737,Pandharkawada,60105,0.90%,8,7513,10302,61285,64684
1738,Gangoh,60021,0.70%,4,15005,10313,62102,69583
1739,Rasulpur,59921,1.70%,14,4280,10327,65010,80681
1740,Shikrapur,59846,0.93%,18,3325,10338,64246,81973
1741,Sher Chakla,59802,1.27%,11,5437,10349,63555,76282
1742,Mankapur,59794,1.05%,22,2718,10351,74390,115805
1743,Lahar,59781,0.53%,6,9964,10352,61371,68830
1744,Karjat,59761,0.95%,9,6640,10355,62577,72039
1745,Safidon,59753,0.91%,8,7469,10357,64058,71321
1746,Umreth,59660,1.22%,7,8523,10368,61889,67878
1747,Mazhuvancherry,59649,0.63%,17,3509,10372,68499,78147
1748,Nokha,59589,0.95%,5,11918,10380,76405,105711
1749,Puraini,59566,–,15,3971,10382,62537,75397
1750,Shopian,59502,–,17,3500,10397,63785,145871
1751,Balod,59354,0.67%,9,6595,10414,62822,69604
1752,Joya,59343,–,16,3709,10416,68530,77243
1753,Nenmara,59335,0.73%,21,2825,10419,61475,68264
1754,Kheragarh,59269,0.86%,7,8467,10431,66701,79378
1755,Murliganj,59248,0.93%,9,6583,10442,61978,77578
1756,Manwat,59200,0.49%,5,11840,10453,60651,66180
1757,Mithapur,59178,0.70%,10,5918,10455,61230,77690
1758,Polasara,59173,0.34%,12,4931,10457,60185,61375
1759,Paonta Sahib,59162,1.15%,13,4551,10461,66624,90790
1760,Bemetara,59055,0.71%,9,6562,10470,63305,72393
1761,Chhatarpur,59019,2.90%,13,4540,10475,62492,86356
1762,Lunglei,58957,0.46%,7,8422,10485,60316,63129
1763,Tekkali,58839,0.19%,4,14710,10503,59402,62825
1764,Berasia,58829,1.47%,8,7354,10504,61689,74271
1765,Phulbani,58821,0.31%,7,8403,10506,59725,60743
1766,Patran,58811,0.75%,5,11762,10507,68995,82087
1767,Thippanampatti,58781,0.65%,13,4522,10512,60686,64775
1768,Vessu,58740,–,22,2670,10520,92286,177837
1769,Dadhapi,58631,1.51%,26,2255,10533,64553,78374
1770,Jaleswar,58600,1.87%,14,4186,10538,60301,63632
1771,Margram,58577,0.42%,5,11715,10540,59802,61574
1772,Dwarka,58548,0.64%,11,5323,10543,60412,64658
1773,Nandikotkur,58532,0.55%,6,9755,10546,60127,64996
1774,Makrahi,58485,0.93%,17,3440,10553,71460,80817
1775,Durlovpur,58448,0.76%,11,5313,10566,60649,66054
1776,Kundwa Chainpur,58335,–,14,4167,10583,61992,85855
1777,Andipatti Jakkampatty,58324,0.54%,6,9721,10585,59883,68037
1778,Sarangpur,58249,0.77%,6,9708,10598,60482,69063
1779,Salaiya,58226,2.21%,12,4852,10604,61699,74607
1780,Mahuawa,58139,–,21,2769,10613,61798,74144
1781,Gurap,58125,0.50%,13,4471,10618,61083,84450
1782,Chandanpur,58122,1.64%,11,5284,10619,87222,103978
1783,Haflong,58116,0.53%,7,8302,10623,59656,64640
1784,Gadarpur,58107,1.45%,11,5282,10625,60848,68549
1785,Giddalur,58081,0.50%,5,11616,10628,59530,63848
1786,Betnoti,58007,0.54%,8,7251,10639,59563,62471
1787,Satbarwa,57919,1.65%,13,4455,10652,61199,76881
1788,Chutmalpur,57884,1.19%,9,6432,10656,61294,71297
1789,Nandigama,57779,-0.04%,6,9630,10667,57670,55727
1790,Bulbulchandi,57744,1.07%,14,4125,10672,60797,71484
1791,Chinnalapatti,57716,0.61%,10,5772,10677,61046,66588
1792,Haldibari,57713,0.89%,7,8245,10678,60255,70296
1793,Moradih,57704,0.97%,16,3607,10680,63694,93994
1794,Manda,57701,0.96%,15,3847,10681,60449,99381
1795,Tirtol,57699,0.93%,14,4121,10682,60395,63613
1796,Takalghat,57695,0.63%,18,3205,10683,61093,63840
1797,Kapri Kheda,57570,0.39%,10,5757,10707,58690,60258
1798,Atmakur,57523,0.60%,5,11505,10714,59229,62648
1799,Pundri,57512,0.90%,6,9585,10718,60079,68961
1800,Pathanamthitta,57421,0.56%,10,5742,10732,60530,75061
1801,Deori Khas,57385,0.63%,7,8198,10741,59181,65271
1802,Ausa,57296,0.90%,7,8185,10754,58634,62936
1803,Udharbond,57264,1.22%,18,3181,10757,59278,70396
1804,Alanda,57203,0.41%,4,14301,10769,58385,60609
1805,Gosaiganj,57178,–,17,3363,10775,62430,82098
1806,Pakri Dayal,57061,–,22,2594,10795,60511,76275
1807,Lachhmipur,57012,–,25,2280,10801,60759,75833
1808,Arvi,57000,0.43%,7,8143,10804,58224,60712
1809,Sakri,56996,1.42%,7,8142,10807,59572,68266
1810,Muddebihala,56959,0.25%,6,9493,10819,59212,61596
1811,Banda,56935,1.14%,7,8134,10822,58765,77596
1812,Lakhna,56832,0.89%,10,5683,10833,59352,74791
1813,Kothapeta,56814,-0.02%,10,5681,10839,56753,55047
1814,Kaisarganj,56773,1.50%,14,4055,10847,61019,69175
1815,Balarampur,56772,0.49%,7,8110,10848,58169,62031
1816,Sarai Kheta,56753,–,21,2703,10851,62651,72853
1817,Alathur,56748,1.55%,20,2837,10853,58780,67269
1818,Sasni,56737,1.53%,8,7092,10855,65535,80668
1819,Barhaj,56732,0.98%,10,5673,10857,60319,76139
1820,Banwaripur,56718,1.80%,14,4051,10861,61889,126276
1821,Muri,56702,1.20%,11,5155,10863,60065,96505
1822,Kodinar,56674,0.68%,9,6297,10866,60162,102609
1823,Mahanandpur,56603,–,15,3774,10875,60144,73488
1824,Chhota Udaipur,56583,0.89%,8,7073,10878,60730,71402
1825,Sakti,56583,–,14,4042,10879,58611,64021
1826,Bamna,56557,0.64%,9,6284,10885,60727,76404
1827,Channarayapattana,56552,1.12%,8,7069,10886,58341,64892
1828,Deoli,56540,0.98%,10,5654,10891,59288,68969
1829,Bilāimāri,56539,–,26,2175,10892,59569,97293
1830,Nalagarh,56468,0.72%,14,4033,10904,59999,64053
1831,Tini Lodipur,56456,–,30,1882,10907,70026,156736
1832,Chengam,56379,0.45%,10,5638,10923,57642,59823
1833,Satyamangalam,56359,0.48%,8,7045,10925,57697,63948
1834,Bagalkote,56337,0.26%,7,8048,10930,57071,57795
1835,Belda,56321,0.53%,10,5632,10935,57818,62104
1836,Bamaur,56241,1.05%,8,7030,10947,60732,68257
1837,Jhabua,56233,0.81%,6,9372,10949,60011,69785
1838,Khushkhera,56205,1.86%,13,4323,10954,60012,86633
1839,Sri Dungargarh,56182,0.65%,11,5107,10959,57985,62471
1840,Buhalpur,56155,0.44%,25,2246,10966,57380,59090
1841,Kiraoli,56142,0.80%,4,14036,10969,58383,68855
1842,Raniganj,56099,0.85%,5,11220,10981,58475,64331
1843,Iglas,56090,0.78%,5,11218,10982,58269,65640
1844,Jammalamadugu,56042,0.50%,7,8006,10986,57428,59825
1845,Songadh,56023,0.91%,7,8003,10993,60119,115538
1846,Shahabad,56020,0.48%,6,9337,10994,57364,85569
1847,Neral,55998,0.92%,9,6222,10997,58564,68380
1848,Mahwa,55982,0.73%,8,6998,11001,58012,75638
1849,Barharwa,55973,1.01%,7,7996,11002,57350,59917
1850,Bhokar,55945,0.47%,4,13986,11012,57249,59887
1851,Dachepalli,55942,0.59%,11,5086,11014,57582,60737
1852,Rasulabad,55927,1.02%,13,4302,11015,58750,66834
1853,Kenar Fatehpur,55925,1.22%,22,2542,11017,64840,86256
1854,Mahad,55917,2.02%,7,7988,11021,59910,74167
1855,Koppam,55867,–,25,2235,11034,57787,73502
1856,Barwaha,55854,1.01%,9,6206,11037,58656,75191
1857,Yeleswaram,55828,-0.03%,9,6203,11039,55743,53909
1858,Vijainagar,55826,1.43%,10,5583,11041,58330,69940
1859,Satana,55815,1.19%,10,5582,11045,57701,64835
1860,Gadahinglaj,55739,0.35%,12,4645,11052,56713,57979
1861,Ratia,55711,1.29%,8,6964,11058,57930,67216
1862,Kanak Bigha,55700,–,28,1989,11059,78287,130614
1863,Devarakonda,55693,0.36%,7,7956,11062,56700,58637
1864,Ramdurg,55652,0.23%,4,13913,11067,56284,56807
1865,Bilsi,55641,1.31%,5,11128,11068,66625,73446
1866,Kakrala,55617,0.88%,5,11123,11075,58055,65924
1867,Talaja,55611,0.58%,7,7944,11076,57226,62482
1868,Bodeli,55592,1.54%,9,6177,11077,58378,68235
1869,Purna,55562,0.48%,6,9260,11084,56888,61381
1870,Chinnamanur,55560,0.46%,5,11112,11085,56822,60683
1871,Lakshmeshvara,55552,0.28%,7,7936,11087,56325,57120
1872,Saifni,55530,0.82%,8,6941,11094,59332,67197
1873,Dhanpuri,55521,0.59%,14,3966,11097,57162,61094
1874,Anklav,55516,1.36%,9,6168,11098,57809,65931
1875,Sahabad,55460,0.68%,3,18487,11101,57324,77563
1876,Sela Kui,55456,0.97%,10,5546,11103,58115,70195
1877,Rahiār Kunchi,55423,–,20,2771,11112,58966,70533
1878,Pathri,55318,0.43%,7,7903,11127,56507,58910
1879,Bhatpar Rani,55314,1.49%,12,4610,11128,57909,66998
1880,Sandesh,55310,1.40%,15,3687,11129,75777,91330
1881,Nagod,55278,0.83%,6,9213,11136,57543,63451
1882,Abhom,55273,–,19,2909,11138,60463,94240
1883,Yawal,55252,0.90%,5,11050,11143,57726,66334
1884,Danwar,55244,–,19,2908,11144,57422,72964
1885,Mehidpur,55201,1.40%,6,9200,11152,57589,69410
1886,Jambusar,55188,1.51%,6,9198,11154,59435,69020
1887,Bhondsi,55152,–,16,3447,11161,59835,68827
1888,Bansgaon,55150,0.83%,8,6894,11164,59005,72398
1889,Barwa Rajapakar,55136,1.06%,22,2506,11169,58030,73793
1890,Devadurga,55110,0.31%,8,6889,11172,55973,56984
1891,Narsampet,55093,-0.05%,7,7870,11176,54959,52963
1892,Wandoor,55086,0.74%,17,3240,11177,57114,71367
1893,Kalamb,55011,0.91%,6,9169,11192,56009,64262
1894,Hagaribommanahalli,54959,0.24%,6,9160,11198,55616,56347
1895,Sundarnagar,54876,0.67%,14,3920,11212,56692,66251
1896,Chodavaram,54832,0.22%,4,13708,11228,55447,56082
1897,Natham,54804,0.60%,8,6851,11237,56433,59958
1898,Hunterganj,54793,–,26,2107,11242,60157,87847
1899,Sādipur,54732,–,24,2281,11252,57728,93590
1900,Jawkatiā,54618,–,23,2375,11266,66410,101572
1901,Vuyyuru,54585,-0.04%,10,5459,11270,54484,51195
1902,Singhana,54549,–,13,4196,11278,58652,69573
1903,Alamnagar,54527,0.98%,14,3895,11284,119594,282015
1904,Ulundurpettai,54467,0.33%,6,9078,11301,55361,58231
1905,Bhatapada,54458,0.39%,13,4189,11303,55524,56984
1906,Bundu,54405,1.21%,8,6801,11316,57659,75605
1907,Kumarghat,54353,0.60%,12,4529,11327,55970,62264
1908,Barhaiya Buzurg,54284,–,23,2360,11342,57404,74547
1909,Bhachau,54259,0.53%,7,7751,11345,57256,60525
1910,Patti,54246,0.48%,8,6781,11350,55529,57873
1911,Janjgir,54233,0.53%,9,6026,11353,57200,65481
1912,Bansipur,54218,–,11,4929,11355,57462,81873
1913,Bahadurganj,54206,1%,15,3614,11360,63695,89266
1914,Karegaon,54184,0.93%,13,4168,11367,56691,74044
1915,Jamuria,54171,0.48%,15,3611,11372,57615,61679
1916,Muktainagar,54163,0.98%,6,9027,11374,59925,69166
1917,Bhongaon,54158,0.78%,7,7737,11375,74107,98332
1918,Vijapur,54134,0.89%,10,5413,11378,58129,64255
1919,Tuljapur,54090,0.28%,7,7727,11383,54835,55589
1920,Muhavoor,54067,0.57%,9,6007,11389,55598,60146
1921,Honnavar,53999,0.94%,11,4909,11397,58086,65472
1922,Ravulapalem,53995,-0.04%,8,6749,11400,53895,52123
1923,Purwa,53987,1.16%,7,7712,11404,55661,59729
1924,Nimkhera,53965,0.66%,15,3598,11409,56903,61836
1925,Garhwa Road,53946,–,12,4496,11414,57239,99972
1926,Fatehpur,53932,–,9,5992,11418,58859,69174
1927,Una,53931,0.59%,11,4903,11419,57961,61293
1928,Moāp,53885,–,14,3849,11431,57365,103056
1929,Shahpura,53830,1.43%,8,6729,11442,56257,64629
1930,Kasor,53810,0.79%,8,6726,11447,55914,118222
1931,Pirthipur,53757,0.67%,7,7680,11454,57143,65509
1932,Dabauli,53754,–,13,4135,11456,57394,69378
1933,Pipra,53722,–,21,2558,11465,58732,99298
1934,Faizpur,53691,–,7,7670,11472,56158,104540
1935,Birpara,53676,0.81%,5,10735,11473,55833,62159
1936,Ranni,53607,1.17%,12,4467,11490,56895,64457
1937,Pulgaon,53587,0.43%,7,7655,11494,54746,64009
1938,Sathupally,53557,-0.05%,10,5356,11500,53427,51426
1939,Rajura,53444,0.37%,8,6681,11515,54437,55969
1940,Barki Saria,53439,1.03%,13,4111,11516,56175,64430
1941,Lakheri,53359,–,10,5336,11527,58271,70497
1942,Belonia,53330,0.55%,8,6666,11532,56383,63126
1943,Palashipara,53329,–,26,2051,11533,54948,58232
1944,Dharur,53328,0.49%,5,10666,11534,54633,57328
1945,Chandrakona,53295,1.07%,11,4845,11543,54663,58857
1946,Bhalui,53276,–,11,4843,11545,66678,87717
1947,Lalganj,53239,–,15,3549,11554,61017,89908
1948,Balugaon,53222,0.32%,12,4435,11562,54179,55432
1949,Muragacha,53180,0.56%,18,2954,11568,54650,57636
1950,Nārāyanpur,53152,–,13,4089,11574,56518,76786
1951,Powayan,53149,–,6,8858,11575,56862,66355
1952,Kapasan,53075,–,8,6634,11591,55734,64822
1953,Puttur,53074,–,9,5897,11592,54417,58574
1954,Arni,53070,1.14%,7,7581,11594,54582,57950
1955,Nagrota Bagwan,53070,0.63%,12,4423,11595,56249,63013
1956,Benipatti,53031,–,14,3788,11602,56388,70639
1957,Wangjing,52972,0.37%,13,4075,11614,53945,55376
1958,Dumri,52967,0.58%,15,3531,11615,56368,59525
1959,Jaito,52954,–,8,6619,11620,56463,62227
1960,Palamaneru,52906,0.53%,8,6613,11627,57331,60652
1961,Kanigiri,52868,–,9,5874,11635,54172,56927
1962,Gajwel,52805,0.53%,8,6601,11649,54206,56935
1963,Adirampattinam,52804,0.32%,5,10561,11651,53636,54511
1964,Taraori,52734,–,9,5859,11666,56633,81128
1965,Kharik,52731,–,7,7533,11667,55782,68661
1966,Loha,52731,0.65%,9,5859,11668,54436,58550
1967,Chapra,52658,0.51%,10,5266,11681,54002,58017
1968,Jaithari,52637,0.77%,12,4386,11685,54641,62966
1969,Mul,52597,0.36%,6,8766,11691,53541,55017
1970,Batlagundu,52584,0.47%,6,8764,11696,53805,70906
1971,Nawda,52556,–,9,5840,11698,53969,56838
1972,Barbil,52540,0.43%,6,8757,11703,53664,56960
1973,Parola,52440,–,7,7491,11720,54950,61983
1974,Cheria Bariarpur,52425,–,13,4033,11722,71279,88748
1975,Giddarbaha,52412,–,13,4032,11724,55046,66680
1976,Biura,52396,–,19,2758,11732,55630,83032
1977,Chhabra,52369,–,6,8728,11737,54795,63106
1978,Rameswaram,52365,0.37%,11,4760,11740,53331,57322
1979,Abhayachandapur,52343,-0.10%,11,4758,11743,53378,54443
1980,Karera,52304,0.55%,6,8717,11754,53737,61282
1981,Khategaon,52293,–,6,8716,11758,54603,60737
1982,Sausar,52234,–,6,8706,11768,53272,54886
1983,Renwal,52218,0.79%,9,5802,11773,54268,59575
1984,Bilhaur,52203,–,5,10441,11779,54204,58726
1985,Allagadda,52202,0.54%,6,8700,11780,53594,56328
1986,Nuapatna,52199,–,14,3729,11781,53163,56016
1987,Maduranthakam,52120,–,8,6515,11794,53596,62186
1988,Pimpalner,52119,0.77%,6,8687,11795,54101,59480
1989,Rehli,52066,0.66%,6,8678,11803,53770,63120
1990,Sunabeda,52055,–,13,4004,11804,52974,54277
1991,Karuppur,52017,–,15,3468,11815,53805,60581
1992,Gunupur,52014,0.27%,6,8669,11816,52719,53563
1993,Chenari,52010,–,9,5779,11819,55980,64565
1994,Misrikh,51967,–,10,5197,11828,54355,62458
1995,Dakor,51957,0.74%,5,10391,11829,53874,58737
1996,Manuguru,51856,-0.04%,9,5762,11846,51751,–
1997,Zira,51843,0.69%,6,8641,11847,53621,67473
1998,Bassi,51832,–,11,4712,11849,55860,64641
1999,Kolasib,51810,0.53%,5,10362,11852,53182,57697
2000,Sirhind,51803,–,15,3454,11853,53187,58757
2001,Pavagada,51786,0.67%,6,8631,11857,53513,59567
2002,Bilgram,51727,–,8,6466,11864,54073,62110
2003,Raghopur,51726,–,12,4311,11865,54180,131824
2004,Saoner,51702,0.36%,8,6463,11869,52630,54001
2005,Kotturu,51685,–,4,12921,11874,54945,59030
2006,Tendukheda,51685,0.65%,5,10337,11875,54945,61177
2007,Kakching,51613,0.24%,7,7373,11885,52241,53069
2008,Chandur Bazar,51587,0.51%,7,7370,11891,52909,59314
2009,Kampur,51578,–,14,3684,11892,53739,59538
2010,Kodur,51569,0.57%,6,8595,11893,53030,56165
2011,Chikkodi,51565,0.30%,9,5729,11896,52346,53237
2012,Sarai Ajitmal,51509,0.57%,6,8585,11901,52975,58012
2013,Doraha,51488,0.58%,8,6436,11902,67484,71161
2014,Kala Amb,51474,–,14,3677,11905,56628,70856
2015,Pindwara,51443,–,7,7349,11914,53811,63962
2016,Chakulia,51404,0.51%,5,10281,11919,52718,56702
2017,Tiruvuru,51318,-0.05%,6,8553,11941,51194,–
2018,Barsam,51305,–,11,4664,11943,53669,67533
2019,Jammikunta,51282,0.42%,7,7326,11948,52362,54278
2020,Madikeri,51273,–,8,6409,11953,54649,61081
2021,Pathsala,51263,–,9,5696,11954,54244,62543
2022,Indi,51120,0.26%,7,7303,11974,51788,52479
2023,Kabrai,51115,–,9,5679,11975,54422,59135
2024,Mandvi,51045,–,5,10209,11985,54393,64806
2025,Narayanpur,51002,0.30%,10,5100,11992,51764,52733
2026,Porumamilla,50989,–,8,6374,11993,52493,55918
2027,Ikauna,50987,–,9,5665,11994,53124,64209
2028,Asandh,50977,–,5,10195,11996,53141,70781
2029,Hasanpura,50972,–,12,4248,11998,53360,65553
2030,Delha,50947,–,7,7278,12004,55285,63717
2031,Ellenabad,50902,–,7,7272,12010,53026,58412
2032,Gadchandur,50873,–,6,8479,12013,51790,53107
2033,Yeola,50786,–,9,5643,12024,52584,59256
2034,Junagarh,50763,–,4,12691,12032,55500,62088
2035,Sonamukhi,50719,–,8,6340,12035,51909,53710
2036,Kathlal,50618,–,6,8436,12046,57249,63718
2037,Gulabpura,50583,–,9,5620,12051,53117,62506
2038,Bhadrachalam,50565,-0.05%,9,5618,12055,50439,–
2039,Dharmabad,50555,–,6,8426,12057,51766,54103
2040,Baraily,50544,–,8,6318,12061,53064,63917
2041,Kichha,50410,–,10,5041,12077,52604,62121
2042,Sadasivpet,50379,–,4,12595,12080,51187,52368
2043,Banki,50322,–,9,5591,12085,51159,52291
2044,Jonai,50296,–,8,6287,12088,51485,53835
2045,Nepanagar,50220,–,8,6278,12100,53059,62151
2046,Memari,50209,–,7,7173,12102,51198,52512
2047,Mariahu,50187,–,12,4182,12108,81041,130238
2048,Jolarpet,50158,–,10,5016,12110,53540,77764
2049,Rapar,50141,–,4,12535,12115,51691,60040
2050,Bagepalli,50052,–,8,6257,12126,51878,56318
2051,Mandhana Junction,50049,–,8,6256,12127,51556,66126
2052,Ner,50039,–,5,10008,12129,51383,54179
2053,Koraput,50023,–,8,6253,12136,50786,51828
2054,Meerganj,50018,–,7,7145,12137,53639,70217
